,Juvenile,State,Race,Execution Date,Sex,Number of White Male Victims,Number of Black Male Victims,Number of Latino Male Victims,Number of Asian Male Victims,Number of Native American Male Victims,Number of Other Race Male Victims,Number of White Female Victims,Number of Black Female Victims,Number of Latino Female Victims,Number of Asian Female Victims,Number of American Indian or Alaska Native Female Victims,Number of Other Race Female Victims
0,no,Utah,White,1977,Male,1,0,0,0,0,0,0,0,0,0,0,0
1,no,Florida,White,1979,Male,1,0,0,0,0,0,0,0,0,0,0,0
2,no,Nevada,White,1979,Male,1,0,0,0,0,0,0,0,0,0,0,0
3,no,Indiana,White,1981,Male,2,0,0,0,0,0,2,0,0,0,0,0
4,no,Virginia,White,1982,Male,1,0,0,0,0,0,0,0,0,0,0,0
5,no,Texas,Black,1982,Male,1,0,0,0,0,0,0,0,0,0,0,0
6,no,Alabama,White,1983,Male,1,0,0,0,0,0,0,0,0,0,0,0
7,no,Mississippi,White,1983,Male,0,0,0,0,0,0,1,0,0,0,0,0
8,no,Florida,White,1983,Male,1,0,0,0,0,0,0,0,0,0,0,0
9,no,Louisiana,Black,1983,Male,0,1,0,0,0,0,0,0,0,0,0,0
10,no,Georgia,White,1983,Male,1,0,0,0,0,0,1,0,0,0,0,0
11,no,Florida,White,1984,Male,1,0,0,0,0,0,0,0,0,0,0,0
12,no,Louisiana,Black,1984,Male,1,0,0,0,0,0,0,0,0,0,0,0
13,no,Texas,White,1984,Male,0,0,0,0,0,0,1,0,0,0,0,0
14,no,North Carolina,White,1984,Male,2,0,0,0,0,0,0,0,0,0,0,0
15,no,Texas,White,1984,Male,1,0,0,0,0,0,0,0,0,0,0,0
16,no,Louisiana,White,1984,Male,1,0,0,0,0,0,1,0,0,0,0,0
17,no,Florida,White,1984,Male,1,0,0,0,0,0,0,0,0,0,0,0
18,no,Florida,Black,1984,Male,1,0,0,0,0,0,0,0,0,0,0,0
19,no,Florida,White,1984,Male,0,0,0,0,0,0,1,0,0,0,0,0
20,no,Georgia,Black,1984,Male,1,0,0,0,0,0,0,0,0,0,0,0
21,no,Florida,Black,1984,Male,2,0,0,0,0,0,0,1,0,0,0,0
22,no,Florida,White,1984,Male,1,0,0,0,0,0,0,0,0,0,0,0
23,no,Louisiana,White,1984,Male,0,0,0,0,0,0,1,0,0,0,0,0
24,no,Florida,Black,1984,Male,0,1,0,0,0,0,0,0,0,0,0,0
25,no,Virginia,Black,1984,Male,1,0,0,0,0,0,0,0,0,0,0,0
26,no,Louisiana,Black,1984,Male,1,0,0,0,0,0,0,0,0,0,0,0
27,no,Texas,White,1984,Male,1,0,0,0,0,0,0,0,0,0,0,0
28,no,North Carolina,White,1984,Female,1,0,0,0,0,0,0,0,0,0,0,0
29,no,Florida,White,1984,Male,1,0,0,0,0,0,0,0,0,0,0,0
30,no,Georgia,Black,1984,Male,1,0,0,0,0,0,0,0,0,0,0,0
31,no,Louisiana,White,1984,Male,0,0,0,0,0,0,1,0,0,0,0,0
32,no,Louisiana,White,1985,Male,2,0,0,0,0,0,2,0,0,0,0,0
33,no,Georgia,Black,1985,Male,0,0,0,0,0,0,1,0,0,0,0,0
34,no,South Carolina,White,1985,Male,1,0,0,0,0,0,1,0,0,0,0,0
35,no,Texas,White,1985,Male,1,0,0,0,0,0,0,0,0,0,0,0
36,no,Florida,White,1985,Male,1,0,0,0,0,0,0,0,0,0,0,0
37,no,Georgia,Black,1985,Male,1,0,0,0,0,0,0,0,0,0,0,0
38,no,Florida,White,1985,Male,1,0,0,0,0,0,0,0,0,0,0,0
39,no,Texas,White,1985,Male,0,0,0,0,0,0,1,0,0,0,0,0
40,no,Georgia,Black,1985,Male,1,0,0,0,0,0,2,0,0,0,0,0
41,no,Virginia,Black,1985,Male,0,1,0,0,0,0,0,1,0,0,0,0
42,no,Texas,Latinx,1985,Male,0,0,0,1,0,0,0,0,0,0,0,0
43,no,Florida,Black,1985,Male,0,6,0,0,0,0,0,0,0,0,0,0
44,no,Texas,Black,1985,Male,0,0,0,0,0,0,0,1,0,0,0,0
45,no,Virginia,Black,1985,Male,0,0,0,0,0,0,1,0,0,0,0,0
46,no,Texas,Latinx,1985,Male,1,0,0,0,0,0,0,0,0,0,0,0
47,yes,Texas,White,1985,Male,1,0,0,0,0,0,0,0,0,0,0,0
48,no,Indiana,White,1985,Male,1,0,0,0,0,0,0,0,0,0,0,0
49,no,Nevada,White,1985,Male,0,0,0,0,0,0,1,0,0,0,0,0
50,yes,South Carolina,White,1986,Male,1,0,0,0,0,0,1,0,0,0,0,0
51,no,Texas,White,1986,Male,1,0,0,0,0,0,0,0,0,0,0,0
52,no,Alabama,Black,1986,Male,1,0,0,0,0,0,0,0,0,0,0,0
53,no,Florida,Black,1986,Male,0,0,0,0,0,0,1,0,0,0,0,0
54,no,Texas,White,1986,Male,0,0,0,0,0,0,1,0,0,0,0,0
55,no,Florida,Black,1986,Male,1,0,0,0,0,0,1,0,0,0,0,0
56,yes,Texas,White,1986,Male,0,0,0,0,0,0,2,0,0,0,0,0
57,no,Florida,White,1986,Male,1,0,0,0,0,0,0,0,0,0,0,0
58,no,Texas,Latinx,1986,Male,1,0,0,0,0,0,0,0,0,0,0,0
59,no,Texas,White,1986,Male,1,0,0,0,0,0,0,0,0,0,0,0
60,no,Georgia,Black,1986,Male,0,0,0,0,0,0,1,0,0,0,0,0
61,no,Virginia,Black,1986,Male,0,0,0,0,0,0,1,0,0,0,0,0
62,no,Texas,White,1986,Male,0,0,0,0,0,0,1,0,0,0,0,0
63,no,Texas,Black,1986,Male,1,0,0,0,0,0,0,0,0,0,0,0
64,no,Texas,White,1986,Male,0,0,0,0,0,0,1,0,0,0,0,0
65,no,North Carolina,White,1986,Male,0,0,0,0,0,0,1,0,0,0,0,0
66,no,Texas,Black,1986,Male,0,0,0,0,0,0,0,0,1,0,0,0
67,no,Texas,Latinx,1986,Male,0,0,0,0,0,0,0,0,1,0,0,0
68,no,Texas,Latinx,1987,Male,0,0,1,0,0,0,0,0,0,0,0,0
69,no,Texas,Latinx,1987,Male,1,0,0,0,0,0,0,0,0,0,0,0
70,no,Georgia,Black,1987,Male,0,0,0,0,0,0,0,1,0,0,0,0
71,no,Mississippi,Black,1987,Male,1,0,0,0,0,0,0,0,0,0,0,0
72,no,Georgia,Black,1987,Male,0,0,0,0,0,0,1,0,0,0,0,0
73,no,Texas,Black,1987,Male,0,0,0,0,0,0,1,0,0,0,0,0
74,no,Georgia,White,1987,Male,0,0,0,0,0,0,1,0,0,0,0,0
75,no,Louisiana,White,1987,Male,1,0,0,0,0,0,0,0,0,0,0,0
76,no,Louisiana,Black,1987,Male,0,0,0,0,0,0,1,0,0,0,0,0
77,no,Louisiana,White,1987,Male,1,0,0,0,0,0,1,0,0,0,0,0
78,no,Louisiana,White,1987,Male,1,0,0,0,0,0,1,0,0,0,0,0
79,no,Texas,Black,1987,Male,1,0,0,0,0,0,0,0,0,0,0,0
80,no,Virginia,White,1987,Male,0,0,0,0,0,0,1,0,0,0,0,0
81,no,Texas,White,1987,Male,0,0,0,0,0,0,1,0,0,0,0,0
82,no,Mississippi,Black,1987,Male,0,0,0,1,0,0,0,0,0,0,0,0
83,no,Louisiana,Black,1987,Male,0,0,0,0,0,0,1,0,0,0,0,0
84,no,Louisiana,Black,1987,Male,0,0,0,0,0,0,1,0,0,0,0,0
85,no,Louisiana,White,1987,Male,0,0,0,0,0,0,1,0,0,0,0,0
86,no,Louisiana,White,1987,Male,0,0,0,0,0,0,1,0,0,0,0,0
87,no,Florida,Black,1987,Male,0,6,0,0,0,0,0,0,0,0,0,0
88,no,Alabama,White,1987,Male,1,0,0,0,0,0,0,0,0,0,0,0
89,no,Utah,Black,1987,Male,1,0,0,0,0,0,2,0,0,0,0,0
90,no,Georgia,Black,1987,Male,1,0,0,0,0,0,0,0,0,0,0,0
91,no,Texas,White,1987,Male,1,0,0,0,0,0,0,0,0,0,0,0
92,no,Georgia,White,1987,Male,0,0,0,0,0,0,1,0,0,0,0,0
93,no,Texas,White,1988,Male,0,0,0,0,0,0,1,0,0,0,0,0
94,no,Florida,Black,1988,Male,1,0,0,0,0,0,0,0,0,0,0,0
95,no,Louisiana,White,1988,Male,1,0,0,0,0,0,0,0,0,0,0,0
96,no,Louisiana,Black,1988,Male,0,1,0,0,0,0,0,4,0,0,0,0
97,no,Virginia,Black,1988,Male,0,0,0,0,0,0,0,1,0,0,0,0
98,no,Utah,White,1988,Male,5,0,0,0,0,0,0,0,0,0,0,0
99,no,Louisiana,White,1988,Male,0,0,0,0,0,0,1,0,0,0,0,0
100,no,Georgia,White,1988,Male,0,0,0,0,0,0,1,0,0,0,0,0
101,no,Texas,Black,1988,Male,0,0,0,0,0,0,1,0,0,0,0,0
102,no,Florida,White,1988,Male,0,0,0,0,0,0,1,0,0,0,0,0
103,no,Texas,Black,1988,Male,0,1,0,0,0,0,0,0,0,0,0,0
104,no,Missouri,White,1989,Male,0,0,0,0,0,0,1,0,0,0,0,0
105,no,Florida,White,1989,Male,0,0,0,0,0,0,1,0,0,0,0,0
106,no,Texas,Black,1989,Male,1,0,0,0,0,0,0,0,0,0,0,0
107,no,Florida,White,1989,Male,0,0,0,0,0,0,1,0,0,0,0,0
108,no,Georgia,Black,1989,Male,1,0,0,0,0,0,0,0,0,0,0,0
109,no,Texas,White,1989,Male,0,0,0,0,0,0,1,0,0,0,0,0
110,no,Alabama,Black,1989,Male,0,0,0,0,0,0,1,0,0,0,0,0
111,no,Nevada,White,1989,Male,1,0,0,0,0,0,0,0,0,0,0,0
112,no,Mississippi,Black,1989,Male,0,1,0,0,0,0,0,0,0,0,0,0
113,no,Nevada,White,1989,Male,1,0,0,0,0,0,0,0,0,0,0,0
114,no,Alabama,Black,1989,Male,0,0,0,0,0,0,1,0,0,0,0,0
115,no,Alabama,Black,1989,Male,0,0,0,0,0,0,0,1,0,0,0,0
116,no,Virginia,Black,1989,Male,1,0,0,0,0,0,0,0,0,0,0,0
117,no,Texas,White,1989,Male,1,0,0,0,0,0,0,0,0,0,0,0
118,no,Alabama,Black,1989,Male,0,0,0,0,0,0,0,1,0,0,0,0
119,no,Texas,Latinx,1989,Male,0,0,0,0,0,0,0,0,1,0,0,0
120,no,Missouri,White,1990,Male,0,0,0,0,0,0,1,0,0,0,0,0
121,no,Texas,Black,1990,Male,0,1,0,0,0,0,0,0,0,0,0,0
122,no,South Carolina,White,1990,Male,0,0,0,0,0,0,1,0,0,0,0,0
123,no,Florida,White,1990,Male,2,0,0,0,0,0,0,0,0,0,0,0
124,no,Missouri,Black,1990,Male,0,0,0,0,0,0,1,0,0,0,0,0
125,no,Missouri,White,1990,Male,1,0,0,0,0,0,1,0,0,0,0,0
126,no,Texas,White,1990,Male,1,0,0,0,0,0,0,0,0,0,0,0
127,yes,Louisiana,Black,1990,Male,1,0,0,0,0,0,0,0,0,0,0,0
128,no,Nevada,White,1990,Male,0,0,0,0,0,0,1,0,0,0,0,0
129,no,Arkansas,White,1990,Male,1,0,0,0,0,0,0,0,0,0,0,0
130,no,Arkansas,White,1990,Male,6,0,0,0,0,0,10,0,0,0,0,0
131,no,Texas,Black,1990,Male,1,0,0,0,0,0,0,0,0,0,0,0
132,no,Alabama,Black,1990,Male,0,0,0,0,0,0,1,0,0,0,0,0
133,no,Texas,White,1990,Male,1,0,0,0,0,0,0,0,0,0,0,0
134,no,Virginia,White,1990,Male,0,0,0,0,0,0,1,0,0,0,0,0
135,no,Florida,Black,1990,Male,0,0,0,0,0,0,1,0,0,0,0,0
136,no,Missouri,White,1990,Male,1,0,0,0,0,0,1,0,0,0,0,0
137,no,Oklahoma,White,1990,Male,1,0,0,0,0,0,0,0,0,0,0,0
138,no,Illinois,White,1990,Male,1,0,0,0,0,0,1,0,0,0,0,0
139,no,Florida,White,1990,Male,0,0,0,0,0,0,1,0,0,0,0,0
140,no,Virginia,Black,1990,Male,0,1,0,0,0,0,0,0,0,0,0,0
141,no,Florida,White,1990,Male,1,0,0,0,0,0,0,0,0,0,0,0
142,no,Virginia,White,1990,Male,0,0,0,0,0,0,1,0,0,0,0,0
143,no,Texas,Black,1991,Male,1,0,0,0,0,0,0,0,0,0,0,0
144,no,Florida,White,1991,Male,0,0,0,0,0,0,1,0,0,0,0,0
145,no,Texas,Latinx,1991,Male,2,0,0,0,0,0,0,0,0,0,0,0
146,no,Texas,White,1991,Male,1,0,0,0,0,0,0,0,0,0,0,0
147,no,Florida,Black,1991,Male,0,1,0,0,0,0,0,0,0,0,0,0
148,no,Louisiana,Black,1991,Male,0,0,0,0,0,0,0,1,0,0,0,0
149,no,Virginia,White,1991,Male,0,0,0,0,0,0,1,0,0,0,0,0
150,no,Virginia,Black,1991,Male,1,0,0,0,0,0,0,0,0,0,0,0
151,no,Missouri,Black,1991,Male,1,0,0,0,0,0,3,0,0,0,0,0
152,no,South Carolina,White,1991,Male,0,1,0,0,0,0,0,0,0,0,0,0
153,no,Texas,Black,1991,Male,1,0,0,0,0,0,0,0,0,0,0,0
154,no,Georgia,Black,1991,Male,1,0,0,0,0,0,0,0,0,0,0,0
155,no,North Carolina,White,1991,Male,0,0,0,0,0,0,1,0,0,0,0,0
156,no,Texas,White,1991,Male,1,0,0,0,0,0,0,0,0,0,0,0
157,no,Wyoming,White,1992,Male,1,0,0,0,0,0,0,0,0,0,0,0
158,no,Texas,Latinx,1992,Male,1,0,0,0,0,0,0,0,0,0,0,0
159,no,Arkansas,Black,1992,Male,1,0,0,0,0,0,0,0,0,0,0,0
160,yes,Texas,White,1992,Male,0,0,0,0,0,0,1,0,0,0,0,0
161,no,Texas,White,1992,Male,1,0,0,0,0,0,1,0,0,0,0,0
162,no,Texas,White,1992,Male,0,0,0,0,0,0,1,0,0,0,0,0
163,no,Oklahoma,Black,1992,Male,0,0,0,1,0,0,0,0,0,0,0,0
164,no,Oklahoma,White,1992,Male,0,0,0,0,0,0,3,0,0,0,0,0
165,no,Delaware,White,1992,Male,0,0,0,0,0,0,2,0,0,0,0,0
166,no,Alabama,White,1992,Male,0,0,0,0,0,0,1,0,0,0,0,0
167,no,Arizona,White,1992,Male,2,0,0,0,0,0,0,0,0,0,0,0
168,no,California,White,1992,Male,2,0,0,0,0,0,0,0,0,0,0,0
169,no,Texas,Black,1992,Male,0,0,0,0,0,0,1,0,0,0,0,0
170,no,Texas,White,1992,Male,0,0,0,0,0,0,1,0,0,0,0,0
171,no,Arkansas,White,1992,Male,1,0,0,0,0,0,0,0,0,0,0,0
172,no,Florida,White,1992,Male,0,0,0,0,0,0,1,0,0,0,0,0
173,no,Texas,Latinx,1992,Male,0,0,0,0,0,0,0,0,1,0,0,0
174,no,Virginia,White,1992,Male,0,0,0,0,0,0,1,0,0,0,0,0
175,no,Texas,White,1992,Male,0,0,0,0,0,0,1,0,0,0,0,0
176,no,Florida,Black,1992,Male,2,0,0,0,0,0,0,0,0,0,0,0
177,no,Virginia,White,1992,Male,0,0,0,0,0,0,1,0,0,0,0,0
178,no,Utah,Black,1992,Male,1,0,0,0,0,0,2,0,0,0,0,0
179,no,Texas,Black,1992,Male,1,0,0,0,0,0,0,0,0,0,0,0
180,no,Virginia,Black,1992,Male,0,1,0,0,0,0,0,1,0,0,0,0
181,no,Texas,Black,1992,Male,2,0,0,0,0,0,0,0,0,0,0,0
182,no,Missouri,White,1992,Male,1,0,0,0,0,0,0,0,0,0,0,0
183,no,North Carolina,White,1992,Male,1,0,0,0,0,0,1,0,0,0,0,0
184,no,Texas,Black,1992,Male,0,1,0,0,0,0,0,0,0,0,0,0
185,no,Alabama,Black,1992,Male,0,0,0,0,0,0,1,0,0,0,0,0
186,no,Texas,Black,1992,Male,0,0,0,0,0,0,1,0,0,0,0,0
187,no,Virginia,White,1992,Male,0,0,0,0,0,0,0,0,0,1,0,0
188,no,Washington,White,1993,Male,3,0,0,0,0,0,0,0,0,0,0,0
189,no,Virginia,Black,1993,Male,3,0,0,0,0,0,0,0,0,0,0,0
190,no,Missouri,Black,1993,Male,0,1,0,0,0,0,0,0,0,0,0,0
191,no,Arizona,White,1993,Male,0,0,0,0,0,0,1,0,0,0,0,0
192,no,Delaware,American Indian or Alaska Native,1993,Male,1,0,0,0,0,0,0,0,0,0,0,0
193,no,Louisiana,White,1993,Male,0,0,0,0,0,0,1,0,0,0,0,0
194,no,Virginia,Black,1993,Male,0,0,0,0,0,0,4,1,0,0,0,0
195,no,Texas,Latinx,1993,Male,0,0,1,0,0,0,0,0,0,0,0,0
196,no,Texas,Latinx,1993,Male,1,0,0,0,0,0,0,0,0,0,0,0
197,no,Arizona,White,1993,Male,3,0,0,0,0,0,1,0,0,0,0,0
198,no,Florida,White,1993,Male,3,0,0,0,0,0,0,0,0,0,0,0
199,no,Texas,Black,1993,Male,0,0,0,0,0,0,1,0,0,0,0,0
200,no,Florida,White,1993,Male,1,0,0,0,0,0,0,0,0,0,0,0
201,no,Texas,Latinx,1993,Male,0,0,1,0,0,0,0,0,0,0,0,0
202,no,Texas,White,1993,Male,0,0,0,0,0,0,1,0,0,0,0,0
203,no,Virginia,White,1993,Male,0,0,0,0,0,0,1,0,0,0,0,0
204,no,Georgia,White,1993,Male,1,0,0,0,0,0,0,0,0,0,0,0
205,no,Texas,White,1993,Male,0,0,0,0,0,0,1,0,0,0,0,0
206,yes,Texas,Black,1993,Male,1,0,0,0,0,0,0,0,0,0,0,0
207,no,Missouri,Black,1993,Male,0,0,0,0,0,0,1,0,0,0,0,0
208,yes,Missouri,Black,1993,Male,0,0,0,0,0,0,0,1,0,0,0,0
209,no,Texas,Black,1993,Male,1,0,0,0,0,0,0,0,0,0,0,0
210,no,Texas,White,1993,Male,1,0,0,0,0,0,0,0,0,0,0,0
211,no,Texas,White,1993,Male,0,0,0,0,0,0,1,0,0,0,0,0
212,no,Texas,Black,1993,Male,2,0,0,0,0,0,0,0,0,0,0,0
213,yes,Texas,Latinx,1993,Male,0,0,1,0,0,0,0,0,0,0,0,0
214,no,California,White,1993,Male,2,0,0,0,0,0,3,0,0,0,0,0
215,no,Florida,White,1993,Male,0,0,0,0,0,0,1,0,0,0,0,0
216,no,Texas,Black,1993,Male,1,0,0,0,0,0,0,0,0,0,0,0
217,no,Delaware,Black,1993,Male,0,0,0,0,0,0,1,0,0,0,0,0
218,no,Texas,White,1993,Male,0,0,0,0,0,0,1,0,0,0,0,0
219,no,Virginia,Black,1993,Male,1,0,0,0,0,0,0,0,0,0,0,0
220,no,Texas,Black,1993,Male,0,0,0,0,0,0,1,0,0,0,0,0
221,no,Missouri,White,1993,Male,1,0,0,0,0,0,0,0,0,0,0,0
222,no,Texas,White,1993,Male,1,0,0,0,0,0,0,0,0,0,0,0
223,yes,Georgia,White,1993,Male,1,0,0,0,0,0,0,0,0,0,0,0
224,no,Texas,Black,1993,Male,0,0,0,0,0,0,1,0,0,0,0,0
225,no,Virginia,White,1993,Male,0,0,0,0,0,0,1,0,0,0,0,0
226,no,Idaho,White,1994,Male,1,0,0,0,0,0,1,0,0,0,0,0
227,no,Texas,White,1994,Male,0,0,0,1,0,0,0,0,0,0,0,0
228,no,Virginia,Black,1994,Male,0,0,0,0,0,0,1,0,0,0,0,0
229,no,Texas,Black,1994,Male,0,0,1,0,0,0,0,0,0,0,0,0
230,no,Georgia,Black,1994,Male,0,0,0,0,0,0,0,1,0,0,0,0
231,no,Texas,White,1994,Male,1,0,0,0,0,0,0,0,0,0,0,0
232,no,Florida,White,1994,Male,0,0,0,0,0,0,1,0,0,0,0,0
233,no,Texas,White,1994,Male,0,0,0,0,0,0,1,0,0,0,0,0
234,no,Virginia,Black,1994,Male,0,0,0,0,0,0,1,0,0,0,0,0
235,no,Texas,Black,1994,Male,0,1,0,0,0,0,0,0,0,0,0,0
236,no,Illinois,White,1994,Male,12,0,0,0,0,0,0,0,0,0,0,0
237,no,Arkansas,Black,1994,Male,0,1,0,0,0,0,0,0,0,0,0,0
238,no,Arkansas,White,1994,Male,0,0,0,0,0,0,1,0,0,0,0,0
239,no,Maryland,White,1994,Male,1,0,0,0,0,0,0,0,0,0,0,0
240,no,Texas,White,1994,Male,1,0,0,0,0,0,0,0,0,0,0,0
241,no,Washington,White,1994,Male,0,0,0,0,0,0,3,0,0,0,0,0
242,no,Texas,White,1994,Male,1,0,0,0,0,0,0,0,0,0,0,0
243,no,North Carolina,White,1994,Male,1,0,0,0,0,0,0,0,0,0,0,0
244,no,Delaware,Black,1994,Male,0,1,0,0,0,0,0,1,0,0,0,0
245,no,Texas,White,1994,Male,1,0,0,0,0,0,0,0,0,0,0,0
246,no,Arkansas,White,1994,Male,1,0,0,0,0,0,0,0,0,0,0,0
247,no,Arkansas,White,1994,Male,1,0,0,0,0,0,0,0,0,0,0,0
248,no,Arkansas,White,1994,Male,1,0,0,0,0,0,0,0,0,0,0,0
249,no,Nebraska,Black,1994,Male,0,0,0,0,0,0,1,0,0,0,0,0
250,no,Texas,Latinx,1994,Male,0,0,0,0,0,0,1,0,0,0,0,0
251,no,Texas,White,1994,Male,2,0,0,0,0,0,0,0,0,0,0,0
252,no,Texas,Black,1994,Male,1,0,0,0,0,0,0,0,0,0,0,0
253,no,Texas,White,1994,Male,1,0,0,0,0,0,0,0,0,0,0,0
254,no,Texas,Black,1994,Male,1,0,0,0,0,0,0,0,0,0,0,0
255,no,Indiana,Black,1994,Male,1,0,0,0,0,0,0,0,0,0,0,0
256,no,Texas,White,1994,Male,1,0,0,0,0,0,0,0,0,0,0,0
257,no,Texas,White,1995,Male,0,0,0,0,0,0,1,0,0,0,0,0
258,no,Texas,Latinx,1995,Male,0,0,0,0,0,0,0,0,1,0,0,0
259,no,North Carolina,White,1995,Male,0,0,0,0,0,0,0,1,0,0,0,0
260,no,Virginia,Black,1995,Male,1,0,0,0,0,0,0,0,0,0,0,0
261,no,Texas,White,1995,Male,1,0,0,0,0,0,0,0,0,0,0,0
262,no,Texas,Black,1995,Male,1,0,0,0,0,0,0,0,0,0,0,0
263,no,Texas,White,1995,Male,0,0,0,0,0,0,0,0,1,0,0,0
264,no,Texas,White,1995,Male,0,0,0,0,0,0,1,0,0,0,0,0
265,no,Texas,Black,1995,Male,0,0,0,0,0,0,1,0,0,0,0,0
266,no,Delaware,White,1995,Male,1,0,0,0,0,0,0,0,0,0,0,0
267,no,Oklahoma,White,1995,Male,0,0,0,0,0,0,0,1,0,0,0,0
268,no,Illinois,Black,1995,Male,0,0,0,0,0,0,1,0,0,0,0,0
269,no,Illinois,White,1995,Male,0,0,0,0,0,0,1,0,0,0,0,0
270,no,Texas,White,1995,Male,1,0,0,0,0,0,0,0,0,0,0,0
271,no,Georgia,White,1995,Male,1,0,0,0,0,0,0,0,0,0,0,0
272,no,Arkansas,White,1995,Male,1,0,0,0,0,0,0,0,0,0,0,0
273,no,Alabama,Black,1995,Male,0,1,0,0,0,0,0,0,0,0,0,0
274,no,Pennsylvania,White,1995,Male,1,0,0,0,0,0,0,0,0,0,0,0
275,no,Missouri,Black,1995,Male,0,1,0,0,0,0,0,0,0,0,0,0
276,no,Montana,White,1995,Male,0,0,0,0,0,0,1,0,0,0,0,0
277,no,Alabama,Black,1995,Male,0,1,0,0,0,0,0,0,0,0,0,0
278,no,Louisiana,Black,1995,Male,0,1,0,0,0,0,0,0,0,0,0,0
279,no,Illinois,Black,1995,Male,1,0,0,0,0,0,0,0,0,0,0,0
280,no,Georgia,White,1995,Male,0,0,0,0,0,0,1,0,0,0,0,0
281,no,Virginia,Black,1995,Male,1,0,0,0,0,0,0,0,0,0,0,0
282,no,Texas,White,1995,Male,1,0,0,0,0,0,0,0,0,0,0,0
283,no,Texas,Black,1995,Male,0,0,0,0,0,0,1,0,0,0,0,0
284,no,Texas,Black,1995,Male,1,0,0,0,0,0,0,0,0,0,0,0
285,no,Texas,Black,1995,Male,0,0,0,0,0,0,1,0,0,0,0,0
286,no,Missouri,Black,1995,Male,0,1,0,0,0,0,0,0,0,0,0,0
287,no,Oklahoma,White,1995,Male,3,1,1,0,0,0,1,0,0,0,0,0
288,no,Florida,White,1995,Male,1,0,3,0,0,0,0,0,0,0,0,0
289,no,Missouri,Black,1995,Male,0,2,0,0,0,0,0,0,0,0,0,0
290,no,Oklahoma,White,1995,Male,0,0,0,0,0,0,1,0,0,0,0,0
291,no,Texas,Black,1995,Male,0,0,0,0,0,0,1,0,0,0,0,0
292,no,Pennsylvania,White,1995,Male,0,0,0,0,0,0,3,0,0,0,0,0
293,no,South Carolina,Black,1995,Male,0,1,0,0,0,0,0,0,0,0,0,0
294,no,Arkansas,Black,1995,Male,0,0,0,0,0,0,1,0,0,0,0,0
295,no,Arizona,White,1995,Male,0,0,0,0,0,0,1,0,0,0,0,0
296,no,Texas,Black,1995,Male,0,1,0,0,0,0,0,0,0,0,0,0
297,no,Illinois,White,1995,Male,0,0,0,0,0,0,1,0,0,0,0,0
298,no,North Carolina,White,1995,Male,1,0,0,0,0,0,1,0,0,0,0,0
299,no,Virginia,White,1995,Male,1,0,0,0,0,0,0,0,0,0,0,0
300,no,Texas,White,1995,Male,0,0,0,0,0,0,1,0,0,0,0,0
301,no,Virginia,White,1995,Male,0,0,0,0,0,0,3,0,0,0,0,0
302,no,Virginia,Black,1995,Male,1,0,0,0,0,0,0,0,0,0,0,0
303,no,Missouri,White,1995,Male,0,0,0,0,0,0,1,0,0,0,0,0
304,no,Illinois,White,1995,Male,1,0,0,0,0,0,0,0,0,0,0,0
305,no,Missouri,White,1995,Male,0,0,0,0,0,0,1,0,0,0,0,0
306,no,Florida,Black,1995,Male,1,0,0,0,0,0,0,0,0,0,0,0
307,no,Florida,White,1995,Male,0,0,1,0,0,0,0,0,0,0,0,0
308,no,Missouri,White,1995,Male,0,1,0,0,0,0,0,0,0,0,0,0
309,no,Texas,Black,1995,Male,1,0,0,0,0,0,0,0,0,0,0,0
310,no,Texas,Asian,1995,Male,0,0,0,2,0,0,0,0,0,0,0,0
311,no,Texas,Latinx,1995,Male,0,0,0,0,0,0,1,0,0,0,0,0
312,no,Texas,White,1995,Male,1,0,0,0,0,0,0,0,0,0,0,0
313,no,Virginia,White,1996,Male,1,0,0,0,0,0,0,0,0,0,0,0
314,no,Virginia,Black,1996,Male,0,0,0,0,0,0,1,0,0,0,0,0
315,no,Delaware,White,1996,Male,1,0,0,0,0,0,1,0,0,0,0,0
316,no,Utah,White,1996,Male,0,0,0,0,0,0,1,0,0,0,0,0
317,no,Delaware,Black,1996,Male,0,1,0,0,0,0,0,1,0,0,0,0
318,no,Texas,White,1996,Male,1,0,0,0,0,0,1,0,0,0,0,0
319,no,Alabama,Black,1996,Male,0,0,0,0,0,0,1,0,0,0,0,0
320,no,Missouri,White,1996,Male,1,0,0,0,0,0,0,0,0,0,0,0
321,no,California,White,1996,Male,4,0,0,0,0,0,0,0,0,0,0,0
322,no,Texas,Black,1996,Male,0,0,0,0,0,0,0,1,0,0,0,0
323,no,Louisiana,Black,1996,Male,1,0,0,0,0,0,0,0,0,0,0,0
324,no,Nevada,White,1996,Male,1,0,0,0,0,0,1,0,0,0,0,0
325,no,Missouri,White,1996,Male,1,0,0,0,0,0,0,0,0,0,0,0
326,no,Delaware,White,1996,Male,1,0,0,0,0,0,1,0,0,0,0,0
327,no,Oklahoma,White,1996,Male,0,0,0,0,0,0,1,0,0,0,0,0
328,no,California,White,1996,Male,0,0,2,0,0,0,0,0,1,0,0,0
329,no,South Carolina,White,1996,Male,1,0,0,0,0,0,0,0,0,0,0,0
330,no,Arizona,White,1996,Male,0,0,0,0,0,0,1,0,0,0,0,0
331,no,Nebraska,White,1996,Male,2,0,0,0,0,0,0,0,0,0,0,0
332,no,Virginia,White,1996,Male,1,0,0,0,0,0,0,0,0,0,0,0
333,no,Indiana,Black,1996,Male,1,0,0,0,0,0,0,0,0,0,0,0
334,no,South Carolina,White,1996,Male,2,0,0,0,0,0,1,0,0,0,0,0
335,no,Missouri,American Indian or Alaska Native,1996,Male,0,0,0,0,0,0,1,0,0,0,0,0
336,no,Missouri,Black,1996,Male,0,0,0,0,0,0,0,1,0,0,0,0
337,no,Arkansas,White,1996,Male,1,0,0,0,0,0,1,0,0,0,0,0
338,no,Oklahoma,White,1996,Male,1,0,0,0,0,0,1,0,0,0,0,0
339,no,Missouri,White,1996,Male,1,0,0,0,0,0,1,0,0,0,0,0
340,no,Arizona,Latinx,1996,Male,0,0,0,0,0,0,1,0,0,0,0,0
341,no,South Carolina,White,1996,Male,2,0,0,0,0,0,1,0,0,0,0,0
342,no,Oregon,White,1996,Male,3,0,0,0,0,0,0,0,0,0,0,0
343,no,Illinois,Black,1996,Male,1,2,0,0,0,0,0,0,0,0,0,0
344,no,Texas,Latinx,1996,Male,1,0,0,0,0,0,0,0,0,0,0,0
345,no,South Carolina,White,1996,Male,0,0,0,0,0,0,2,0,0,0,0,0
346,no,Florida,Black,1996,Male,0,0,0,0,0,0,1,0,0,0,0,0
347,no,Georgia,White,1996,Male,2,0,0,0,0,0,1,0,0,0,0,0
348,no,South Carolina,White,1996,Male,1,0,0,0,0,0,1,0,0,0,0,0
349,no,Georgia,White,1996,Male,0,0,0,0,0,0,1,0,0,0,0,0
350,no,Virginia,Black,1996,Male,0,0,0,0,0,0,1,0,0,0,0,0
351,no,South Carolina,Black,1996,Male,0,0,0,0,0,0,0,1,0,0,0,0
352,no,Virginia,White,1996,Male,1,0,0,0,0,0,0,0,0,0,0,0
353,no,Florida,Black,1996,Male,1,0,0,0,0,0,0,0,0,0,0,0
354,no,Virginia,Black,1996,Male,0,0,0,0,0,0,1,0,0,0,0,0
355,no,Missouri,White,1996,Male,1,0,0,0,0,0,0,0,0,0,0,0
356,no,Virginia,White,1996,Male,0,0,0,0,0,0,1,0,0,0,0,0
357,no,Virginia,White,1996,Male,0,0,0,0,0,0,1,0,0,0,0,0
358,no,Arkansas,White,1997,Male,2,0,0,0,0,0,0,0,0,0,0,0
359,no,Arkansas,Latinx,1997,Male,2,0,0,0,0,0,0,0,0,0,0,0
360,no,Arkansas,Black,1997,Male,0,0,0,0,0,0,1,0,0,0,0,0
361,no,Alabama,White,1997,Male,1,0,0,0,0,0,0,0,0,0,0,0
362,no,Arizona,White,1997,Male,2,0,0,0,0,0,2,0,0,0,0,0
363,no,Missouri,White,1997,Male,2,0,0,0,0,0,0,0,0,0,0,0
364,no,Virginia,White,1997,Male,1,0,0,0,0,0,0,0,0,0,0,0
365,no,Texas,White,1997,Male,0,0,0,0,0,0,1,0,0,0,0,0
366,no,Virginia,Black,1997,Male,1,0,0,0,0,0,0,0,0,0,0,0
367,no,Texas,Black,1997,Male,0,0,0,0,0,0,1,0,0,0,0,0
368,no,Florida,Latinx,1997,Male,0,0,0,0,0,0,0,1,0,0,0,0
369,no,Texas,White,1997,Male,0,0,0,0,0,0,1,0,0,0,0,0
370,no,Texas,White,1997,Male,1,0,0,0,0,0,2,0,0,0,0,0
371,no,Texas,White,1997,Male,0,0,0,0,0,0,1,0,0,0,0,0
372,no,Texas,White,1997,Male,1,0,0,0,0,0,0,0,0,0,0,0
373,no,Texas,White,1997,Male,0,0,0,0,0,0,1,0,0,0,0,0
374,no,Louisiana,White,1997,Male,1,0,0,0,0,0,0,0,0,0,0,0
375,no,Texas,White,1997,Male,1,0,0,0,0,0,1,0,0,0,0,0
376,no,Alabama,Black,1997,Male,0,2,0,0,0,0,0,1,0,0,0,0
377,no,Texas,Black,1997,Male,0,0,0,0,0,0,1,0,0,0,0,0
378,no,Oklahoma,American Indian or Alaska Native,1997,Male,1,0,0,0,0,0,0,0,0,0,0,0
379,no,Texas,Black,1997,Male,1,0,0,0,0,0,0,0,0,0,0,0
380,no,Oregon,White,1997,Male,1,0,0,0,0,0,1,0,0,0,0,0
381,no,Texas,White,1997,Male,0,0,0,0,0,0,1,0,0,0,0,0
382,no,Texas,White,1997,Male,1,0,0,0,0,0,2,0,0,0,0,0
383,no,Texas,White,1997,Male,0,0,0,0,0,0,1,0,0,0,0,0
384,no,Texas,Black,1997,Male,1,0,0,0,0,0,0,0,0,0,0,0
385,no,Texas,White,1997,Male,0,0,0,0,0,0,1,0,0,0,0,0
386,no,Texas,White,1997,Male,2,0,0,0,0,0,0,0,0,0,0,0
387,no,Texas,Black,1997,Male,1,0,0,0,0,0,0,0,0,0,0,0
388,no,Texas,Black,1997,Male,0,0,0,0,0,0,1,0,0,0,0,0
389,no,Texas,Black,1997,Male,1,0,0,0,0,0,0,0,0,0,0,0
390,no,Texas,Latinx,1997,Male,0,0,0,0,0,0,0,0,1,0,0,0
391,no,Alabama,White,1997,Male,0,1,0,0,0,0,0,0,0,0,0,0
392,no,Texas,White,1997,Male,1,0,0,0,0,0,1,0,0,0,0,0
393,no,South Carolina,White,1997,Male,0,0,0,0,0,0,1,0,0,0,0,0
394,no,Texas,White,1997,Male,1,0,0,0,0,0,0,0,0,0,0,0
395,no,Texas,Black,1997,Male,1,0,0,0,0,0,2,0,0,0,0,0
396,no,Texas,Latinx,1997,Male,1,0,0,0,0,0,0,0,0,0,0,0
397,no,Arizona,White,1997,Male,0,0,0,0,0,0,1,0,0,0,0,0
398,no,Kentucky,White,1997,Male,0,0,0,0,0,0,1,0,0,0,0,0
399,no,Maryland,Black,1997,Male,1,0,0,0,0,0,0,0,0,0,0,0
400,no,Virginia,White,1997,Male,1,0,0,0,0,0,0,0,0,0,0,0
401,no,Virginia,White,1997,Male,0,0,0,0,0,0,1,0,0,0,0,0
402,no,Texas,American Indian or Alaska Native,1997,Male,0,0,0,0,0,0,1,0,0,0,0,0
403,no,Missouri,White,1997,Male,0,0,0,0,0,0,1,0,0,0,0,0
404,no,Arkansas,White,1997,Male,1,0,0,0,0,0,1,0,0,0,0,0
405,no,Missouri,White,1997,Male,1,0,0,0,0,0,0,0,0,0,0,0
406,no,Virginia,Black,1997,Male,0,0,0,0,0,0,1,0,0,0,0,0
407,no,Missouri,White,1997,Male,0,0,0,0,0,0,1,0,0,0,0,0
408,no,Texas,Black,1997,Male,0,2,0,0,0,0,0,1,0,0,0,0
409,no,Virginia,Latinx,1997,Male,1,0,0,0,0,0,0,0,0,0,0,0
410,no,Texas,Black,1997,Male,1,0,0,0,0,0,0,0,0,0,0,0
411,no,Missouri,Black,1997,Male,0,1,0,0,0,0,0,0,0,0,0,0
412,no,Texas,White,1997,Male,0,0,0,0,0,0,2,0,0,0,0,0
413,no,Texas,White,1997,Male,0,0,0,0,0,0,1,0,0,0,0,0
414,no,Texas,Black,1997,Male,1,0,0,0,0,0,0,0,0,0,0,0
415,no,Texas,White,1997,Male,1,0,0,0,0,0,0,0,0,0,0,0
416,no,Colorado,White,1997,Male,0,0,0,0,0,0,1,0,0,0,0,0
417,no,Missouri,White,1997,Male,1,0,0,0,0,0,0,0,0,0,0,0
418,no,Texas,Black,1997,Male,0,0,1,0,0,0,0,0,0,0,0,0
419,no,Texas,Asian,1997,Male,0,0,0,0,0,0,0,0,0,1,0,0
420,no,Texas,White,1997,Male,0,0,0,0,0,0,1,0,0,0,0,0
421,no,South Carolina,Black,1997,Male,0,0,0,0,0,0,1,0,0,0,0,0
422,no,Virginia,Black,1997,Male,0,0,0,0,0,0,1,0,0,0,0,0
423,no,Illinois,Black,1997,Male,2,0,0,0,0,0,0,0,0,0,0,0
424,no,Illinois,Black,1997,Male,0,1,0,0,0,0,0,0,0,0,0,0
425,no,Texas,White,1997,Male,0,0,0,0,0,0,2,0,0,0,0,0
426,no,Indiana,Black,1997,Male,0,1,0,0,0,0,0,0,0,0,0,0
427,no,Texas,Black,1997,Male,0,0,0,0,0,0,1,0,0,0,0,0
428,no,Nebraska,Black,1997,Male,0,0,0,0,0,0,1,0,0,0,0,0
429,no,Texas,White,1997,Male,1,0,0,0,0,0,0,0,0,0,0,0
430,no,Virginia,Black,1997,Male,0,0,0,0,0,0,1,0,0,0,0,0
431,no,Virginia,White,1997,Male,0,0,0,0,0,0,0,1,0,0,0,0
432,no,Illinois,White,1998,Male,1,0,0,0,0,0,0,0,0,0,0,0
433,no,Arizona,Latinx,1998,Male,1,0,0,0,0,0,0,0,1,0,0,0
434,no,Indiana,White,1998,Male,1,0,0,0,0,0,0,0,0,0,0,0
435,no,North Carolina,White,1998,Male,0,0,0,0,0,0,1,0,0,0,0,0
436,no,Texas,White,1998,Female,1,0,0,0,0,0,1,0,0,0,0,0
437,no,Texas,White,1998,Male,1,0,0,0,0,0,2,0,0,0,0,0
438,no,Virginia,Black,1998,Male,0,0,0,0,0,0,1,0,0,0,0,0
439,no,Oklahoma,White,1998,Male,1,0,0,0,0,0,1,0,0,0,0,0
440,no,Montana,White,1998,Male,1,0,0,0,0,0,1,0,0,0,0,0
441,no,Missouri,Black,1998,Male,0,2,0,0,0,0,0,0,0,0,0,0
442,no,South Carolina,White,1998,Male,0,0,0,0,0,0,0,1,0,0,0,0
443,no,Texas,White,1998,Male,0,0,0,0,0,0,1,0,0,0,0,0
444,no,Virginia,White,1998,Male,3,0,0,0,0,0,1,0,0,0,0,0
445,no,Florida,White,1998,Male,0,0,0,0,0,0,1,0,0,0,0,0
446,no,Florida,Black,1998,Male,1,0,0,0,0,0,0,0,0,0,0,0
447,no,Missouri,Black,1998,Male,0,1,0,0,0,0,0,0,0,0,0,0
448,no,Virginia,Black,1998,Male,1,0,0,0,0,0,0,0,0,0,0,0
449,no,Florida,White,1998,Female,1,0,0,0,0,0,0,0,0,0,0,0
450,no,Florida,American Indian or Alaska Native,1998,Male,0,0,0,0,0,0,1,0,0,0,0,0
451,no,Virginia,Latinx,1998,Male,0,0,0,0,0,0,1,0,0,0,0,0
452,no,Missouri,White,1998,Male,1,0,0,0,0,0,0,0,0,0,0,0
453,no,Arizona,Latinx,1998,Male,0,0,0,0,0,0,0,0,1,0,0,0
454,yes,Texas,White,1998,Male,0,0,0,0,0,0,1,0,0,0,0,0
455,no,Texas,White,1998,Male,0,0,0,0,0,0,1,0,0,0,0,0
456,no,Arizona,White,1998,Male,1,0,0,0,0,0,0,0,0,0,0,0
457,no,Texas,White,1998,Male,0,0,0,0,0,0,1,0,0,0,0,0
458,no,Alabama,White,1998,Male,0,0,0,0,0,0,1,0,0,0,0,0
459,yes,Texas,Black,1998,Male,0,0,0,0,0,0,0,0,1,0,0,0
460,no,Texas,Latinx,1998,Male,0,0,0,0,0,0,1,0,0,0,0,0
461,no,Arizona,White,1998,Male,1,0,0,0,0,0,1,0,0,0,0,0
462,no,Georgia,White,1998,Male,1,0,0,0,0,0,1,0,0,0,0,0
463,no,Texas,White,1998,Male,1,0,0,0,0,0,0,0,0,0,0,0
464,no,Texas,White,1998,Male,1,0,0,0,0,0,0,0,0,0,0,0
465,no,Virginia,White,1998,Male,1,0,0,0,0,0,0,0,0,0,0,0
466,no,Texas,Latinx,1998,Male,1,0,0,0,0,0,3,0,0,0,0,0
467,no,Arkansas,White,1998,Male,0,0,0,0,0,0,1,0,0,0,0,0
468,no,South Carolina,White,1998,Male,0,0,0,0,0,0,0,1,0,0,0,0
469,no,California,White,1998,Male,0,0,0,0,0,0,1,0,0,0,0,0
470,no,Virginia,White,1998,Male,0,0,0,0,0,0,1,0,0,0,0,0
471,no,Oklahoma,White,1998,Male,1,0,0,0,0,0,0,0,0,0,0,0
472,no,North Carolina,White,1998,Male,1,0,0,0,0,0,0,0,0,0,0,0
473,no,Virginia,Black,1998,Male,1,0,0,0,0,0,0,0,0,0,0,0
474,no,Texas,Latinx,1998,Male,0,1,0,0,0,0,0,0,0,0,0,0
475,no,Virginia,Black,1998,Male,1,0,0,0,0,0,0,0,0,0,0,0
476,no,Texas,White,1998,Male,1,0,0,0,0,0,0,0,0,0,0,0
477,no,Texas,Latinx,1998,Male,0,0,1,0,0,0,0,0,0,0,0,0
478,no,Virginia,White,1998,Male,1,0,0,0,0,0,1,0,0,0,0,0
479,no,South Carolina,White,1998,Male,2,0,0,0,0,0,0,1,0,0,0,0
480,no,Texas,Latinx,1998,Male,0,1,0,0,0,0,1,0,0,0,0,0
481,no,Nevada,Latinx,1998,Male,0,0,0,0,0,0,1,0,0,0,0,0
482,no,Texas,White,1998,Male,0,0,0,0,0,0,2,0,0,0,0,0
483,no,Washington,White,1998,Male,0,0,1,0,0,0,2,0,0,0,0,0
484,yes,Virginia,Black,1998,Male,0,0,0,0,0,0,0,1,0,0,0,0
485,no,Virginia,Black,1998,Male,0,2,0,0,0,0,0,0,0,0,0,0
486,no,Maryland,Black,1998,Male,0,0,0,0,0,0,1,0,0,0,0,0
487,no,Texas,White,1998,Male,0,0,0,0,0,0,1,0,0,0,0,0
488,no,Virginia,Black,1998,Male,0,0,0,0,0,0,0,1,0,0,0,0
489,no,North Carolina,White,1998,Male,1,0,0,0,0,0,1,0,0,0,0,0
490,no,Virginia,Black,1998,Male,0,1,0,0,0,0,0,0,0,0,0,0
491,no,South Carolina,Black,1998,Male,1,0,0,0,0,0,0,0,0,0,0,0
492,no,South Carolina,Black,1998,Male,1,0,0,0,0,0,0,0,0,0,0,0
493,no,Texas,White,1998,Male,0,0,0,0,0,0,3,0,0,0,0,0
494,no,Texas,White,1998,Male,0,0,0,0,0,0,1,0,0,0,0,0
495,no,Oklahoma,Asian,1998,Male,1,0,0,0,0,0,2,0,0,0,0,0
496,no,South Carolina,Black,1998,Male,0,0,0,0,0,0,1,0,0,0,0,0
497,no,Texas,Black,1998,Male,0,0,1,0,0,0,0,0,0,0,0,0
498,no,Oklahoma,White,1998,Male,0,0,0,0,0,0,1,0,0,0,0,0
499,no,South Carolina,Black,1998,Male,0,1,0,0,0,0,0,1,0,0,0,0
500,no,Texas,White,1999,Male,0,0,0,0,0,0,1,0,0,0,0,0
501,no,Oklahoma,American Indian or Alaska Native,1999,Male,0,0,0,0,0,0,1,0,0,0,0,0
502,no,South Carolina,Black,1999,Male,0,0,0,1,0,0,0,0,0,0,0,0
503,no,Louisiana,Black,1999,Male,0,0,0,0,0,0,1,0,0,0,0,0
504,no,Missouri,Black,1999,Male,1,0,0,0,0,0,0,0,0,0,0,0
505,no,Arizona,White,1999,Male,0,0,0,0,0,0,1,0,0,0,0,0
506,no,Texas,White,1999,Male,1,0,0,0,0,0,0,0,0,0,0,0
507,no,Virginia,Black,1999,Male,1,0,0,0,0,0,1,0,0,0,0,0
508,no,South Carolina,American Indian or Alaska Native,1999,Male,0,1,0,0,0,0,1,0,0,0,0,0
509,no,Texas,Latinx,1999,Male,1,0,0,0,0,0,0,0,0,0,0,0
510,no,Arizona,American Indian or Alaska Native,1999,Male,1,0,0,0,0,0,0,0,0,0,0,0
511,yes,Oklahoma,White,1999,Male,2,0,0,0,0,0,1,0,0,0,0,0
512,no,Virginia,White,1999,Male,1,0,0,0,0,0,0,0,0,0,0,0
513,no,California,Asian,1999,Male,0,0,0,1,0,0,0,0,0,1,0,0
514,no,Texas,Latinx,1999,Male,0,0,1,0,0,0,0,0,0,0,0,0
515,no,Texas,White,1999,Male,0,0,0,0,0,0,1,0,0,0,0,0
516,no,Texas,Latinx,1999,Male,2,0,0,0,0,0,1,0,0,0,0,0
517,no,Arkansas,White,1999,Male,1,0,0,0,0,0,2,0,0,0,0,0
518,no,Ohio,White,1999,Male,1,0,0,0,0,0,0,0,0,0,0,0
519,no,Missouri,White,1999,Male,0,0,0,0,0,0,1,0,0,0,0,0
520,no,Texas,Black,1999,Male,1,0,0,0,0,0,0,0,0,0,0,0
521,no,Arizona,White,1999,Male,1,0,0,0,0,0,0,0,0,0,0,0
522,no,Arizona,White,1999,Male,1,0,0,0,0,0,0,0,0,0,0,0
523,no,Virginia,White,1999,Male,1,0,0,0,0,0,0,0,0,0,0,0
524,no,Missouri,White,1999,Male,1,0,0,0,0,0,0,0,0,0,0,0
525,no,Illinois,White,1999,Male,0,0,0,0,0,0,1,0,0,0,0,0
526,no,Virginia,White,1999,Male,1,0,0,0,0,0,0,0,0,0,0,0
527,no,Texas,Black,1999,Male,0,0,0,0,0,0,1,0,0,0,0,0
528,no,North Carolina,White,1999,Male,1,0,0,0,0,0,0,0,0,0,0,0
529,no,Texas,White,1999,Male,1,0,0,0,0,0,0,0,0,0,0,0
530,no,Nevada,Asian,1999,Male,1,0,0,0,0,0,1,0,0,0,0,0
531,no,Arkansas,White,1999,Male,0,0,0,0,0,0,1,0,0,0,0,0
532,no,Virginia,Black,1999,Male,1,0,0,0,0,0,0,0,0,0,0,0
533,no,Missouri,Black,1999,Male,1,0,0,0,0,0,1,0,0,0,0,0
534,no,Virginia,White,1999,Male,2,0,0,0,0,0,0,0,0,0,0,0
535,no,Delaware,White,1999,Male,4,0,0,0,0,0,0,0,0,0,0,0
536,no,Missouri,Black,1999,Male,0,0,0,0,0,0,1,0,0,0,0,0
537,no,Texas,White,1999,Male,1,0,0,0,0,0,0,0,0,0,0,0
538,no,Virginia,White,1999,Male,0,0,0,0,0,0,1,1,0,0,0,0
539,no,Virginia,White,1999,Male,0,0,0,0,0,0,1,0,0,0,0,0
540,no,California,Black,1999,Male,0,0,0,0,0,0,1,0,0,0,0,0
541,no,Texas,Latinx,1999,Male,0,0,1,0,0,0,0,0,0,0,0,0
542,no,Arizona,White,1999,Male,1,0,0,0,0,0,0,0,0,0,0,0
543,no,Texas,Black,1999,Male,0,0,0,0,0,0,0,1,0,0,0,0
544,no,Kentucky,White,1999,Male,1,0,0,0,0,0,1,0,0,0,0,0
545,no,Missouri,Black,1999,Male,0,0,0,0,0,0,0,1,0,0,0,0
546,no,Texas,White,1999,Male,0,0,0,0,0,0,1,0,0,0,0,0
547,no,Oklahoma,White,1999,Male,0,0,1,0,0,0,0,0,0,0,0,0
548,no,Missouri,Black,1999,Male,0,0,0,0,0,0,1,0,0,0,0,0
549,no,Arizona,White,1999,Male,2,0,0,0,0,0,0,0,0,0,0,0
550,no,Texas,White,1999,Male,0,0,0,0,0,0,1,0,0,0,0,0
551,no,Alabama,Black,1999,Male,0,0,0,0,0,0,1,0,0,0,0,0
552,no,Missouri,White,1999,Male,1,0,0,0,0,0,0,0,0,0,0,0
553,no,Texas,White,1999,Male,0,0,0,0,0,0,1,0,0,0,0,0
554,no,Pennsylvania,White,1999,Male,0,0,0,0,0,0,0,2,0,0,0,0
555,no,Texas,Black,1999,Male,0,0,0,0,0,0,1,0,0,0,0,0
556,no,Oklahoma,White,1999,Male,0,1,0,0,0,0,0,0,0,0,0,0
557,no,Florida,White,1999,Male,0,0,0,0,0,0,3,0,0,0,0,0
558,no,Virginia,White,1999,Male,0,0,0,0,0,0,0,1,0,0,0,0
559,no,Texas,White,1999,Male,1,0,0,0,0,0,0,0,0,0,0,0
560,no,Texas,Black,1999,Male,0,0,0,0,0,0,1,0,0,0,0,0
561,no,Alabama,Black,1999,Male,0,0,0,0,0,0,1,0,0,0,0,0
562,no,Texas,Black,1999,Male,0,0,0,0,0,0,1,0,0,0,0,0
563,no,Texas,White,1999,Male,0,0,0,0,0,0,1,0,0,0,0,0
564,no,Virginia,Black,1999,Male,0,0,0,0,0,0,1,0,0,0,0,0
565,no,Texas,Latinx,1999,Male,0,0,0,0,0,0,1,0,0,0,0,0
566,no,Missouri,White,1999,Male,1,0,0,0,0,0,0,0,0,0,0,0
567,no,Texas,Black,1999,Male,0,0,0,1,0,0,0,0,0,0,0,0
568,no,Arkansas,White,1999,Male,1,0,0,0,0,0,2,0,0,0,0,0
569,no,Arkansas,White,1999,Male,2,0,0,0,0,0,0,0,0,0,0,0
570,no,Texas,Black,1999,Male,0,0,0,0,0,0,0,1,0,0,0,0
571,no,Texas,Black,1999,Male,0,1,0,0,0,0,0,0,0,0,0,0
572,no,Virginia,White,1999,Male,0,0,0,0,0,0,1,0,0,0,0,0
573,no,Texas,White,1999,Male,0,0,0,0,0,0,1,0,0,0,0,0
574,no,Delaware,Black,1999,Male,1,0,0,0,0,0,0,0,0,0,0,0
575,no,North Carolina,Black,1999,Male,1,0,0,0,0,0,1,0,0,0,0,0
576,no,Texas,White,1999,Male,1,0,0,0,0,0,0,0,0,0,0,0
577,no,Texas,White,1999,Male,0,0,0,0,0,0,1,0,0,0,0,0
578,no,Utah,White,1999,Male,1,0,0,0,0,0,0,0,0,0,0,0
579,no,Virginia,Black,1999,Male,0,1,0,0,0,0,0,0,0,0,0,0
580,no,North Carolina,White,1999,Male,0,0,0,0,0,0,1,0,0,0,0,0
581,no,Arizona,Latinx,1999,Male,0,0,0,0,0,0,0,0,1,0,0,0
582,no,Texas,American Indian or Alaska Native,1999,Male,0,0,0,0,0,0,1,0,0,0,0,0
583,no,Virginia,Black,1999,Male,0,1,0,0,0,0,0,0,0,0,0,0
584,no,South Carolina,Black,1999,Male,0,0,0,0,0,0,1,0,0,0,0,0
585,no,Texas,Black,1999,Male,0,1,0,0,0,0,0,1,0,0,0,0
586,no,Texas,White,1999,Male,1,0,0,0,0,0,0,0,0,0,0,0
587,no,Texas,Latinx,1999,Male,0,0,0,0,0,0,1,0,0,0,0,0
588,no,North Carolina,Black,1999,Male,0,0,0,0,0,0,2,0,0,0,0,0
589,no,Oklahoma,Black,1999,Male,0,0,0,0,0,0,1,0,0,0,0,0
590,no,South Carolina,White,1999,Male,1,0,0,0,0,0,0,0,0,0,0,0
591,no,Texas,White,1999,Male,0,0,0,0,0,0,3,0,0,0,0,0
592,no,Oklahoma,Black,1999,Male,1,0,0,0,0,0,0,0,0,0,0,0
593,no,Indiana,White,1999,Male,1,0,0,0,0,0,1,0,0,0,0,0
594,no,Texas,White,1999,Male,0,0,0,0,0,0,3,0,0,0,0,0
595,no,Virginia,Black,1999,Male,0,0,0,0,0,0,1,0,0,0,0,0
596,no,Texas,White,1999,Male,1,0,0,0,0,0,0,0,0,0,0,0
597,no,Texas,Black,1999,Male,1,0,0,0,0,0,0,0,0,0,0,0
598,no,Oklahoma,Black,2000,Male,0,0,0,0,0,0,1,0,0,0,0,0
599,no,Alabama,White,2000,Male,0,0,0,0,0,0,1,0,0,0,0,0
600,yes,Virginia,White,2000,Male,2,0,0,0,0,0,0,0,0,0,0,0
601,no,Texas,White,2000,Male,0,0,0,0,0,0,2,0,0,0,0,0
602,no,Oklahoma,White,2000,Male,1,0,0,0,0,0,0,0,0,0,0,0
603,yes,Virginia,White,2000,Male,0,0,0,0,0,0,1,0,0,0,0,0
604,no,Texas,White,2000,Male,0,0,0,0,0,0,1,0,0,0,0,0
605,no,Texas,Black,2000,Male,0,0,0,0,0,0,0,1,0,0,0,0
606,no,Texas,White,2000,Male,3,0,0,0,0,0,2,0,0,0,0,0
607,no,Texas,White,2000,Male,1,0,0,0,0,0,0,0,0,0,0,0
608,yes,Texas,Black,2000,Male,0,0,0,0,0,0,1,0,0,0,0,0
609,no,Texas,White,2000,Male,1,0,0,0,0,0,0,0,0,0,0,0
610,no,Oklahoma,Black,2000,Male,0,0,0,0,0,0,0,1,0,0,0,0
611,no,Arizona,White,2000,Male,1,0,0,0,0,0,0,0,0,0,0,0
612,no,Florida,White,2000,Male,1,0,0,0,0,0,0,0,0,0,0,0
613,no,Texas,Black,2000,Male,1,0,0,0,0,0,0,0,0,0,0,0
614,no,Florida,White,2000,Male,1,0,0,0,0,0,0,0,0,0,0,0
615,no,Texas,White,2000,Female,1,0,0,0,0,0,0,0,0,0,0,0
616,no,Texas,Black,2000,Male,0,0,0,0,0,0,0,1,0,0,0,0
617,no,Alabama,Black,2000,Male,1,0,0,0,0,0,1,0,0,0,0,0
618,no,Texas,Black,2000,Male,0,0,0,1,0,0,0,0,0,0,0,0
619,no,California,American Indian or Alaska Native,2000,Male,0,0,0,0,0,0,3,0,0,0,0,0
620,no,Arizona,White,2000,Male,2,0,0,0,0,0,0,0,0,0,0,0
621,no,Texas,White,2000,Male,0,0,0,0,0,0,1,0,0,0,0,0
622,no,Virginia,Black,2000,Male,0,0,1,0,0,0,0,0,0,0,0,0
623,no,Missouri,White,2000,Male,0,0,0,0,0,0,1,0,0,0,0,0
624,no,Oklahoma,Black,2000,Male,0,0,0,0,0,0,1,0,0,0,0,0
625,no,Alabama,Black,2000,Male,1,0,0,0,0,0,0,0,0,0,0,0
626,no,Tennessee,White,2000,Male,0,0,0,0,0,0,1,0,0,0,0,0
627,no,Oklahoma,Black,2000,Male,1,0,0,0,0,0,0,0,0,0,0,0
628,no,Arkansas,White,2000,Female,1,0,0,0,0,0,1,0,0,0,0,0
629,no,Texas,Black,2000,Male,0,0,0,0,0,0,1,0,0,0,0,0
630,no,Texas,White,2000,Male,0,0,0,0,0,0,1,0,0,0,0,0
631,no,Texas,White,2000,Male,1,0,0,0,0,0,1,0,0,0,0,0
632,no,Texas,Black,2000,Male,1,0,0,0,0,0,0,0,0,0,0,0
633,no,Texas,White,2000,Male,1,0,0,0,0,0,0,0,0,0,0,0
634,no,Oklahoma,Black,2000,Male,0,1,0,0,0,0,0,0,0,0,0,0
635,no,Texas,Black,2000,Male,0,0,0,0,0,0,1,0,0,0,0,0
636,no,Texas,Black,2000,Male,0,1,0,0,0,0,0,5,0,0,0,0
637,no,Oklahoma,American Indian or Alaska Native,2000,Male,0,0,0,0,0,0,1,0,0,0,0,0
638,no,Alabama,Black,2000,Male,0,0,0,0,0,0,2,0,0,0,0,0
639,no,Louisiana,Black,2000,Male,0,0,0,0,0,0,1,0,0,0,0,0
640,no,Florida,Black,2000,Male,0,1,0,0,0,0,0,0,0,0,0,0
641,no,Oklahoma,White,2000,Male,1,0,0,0,0,0,0,0,0,0,0,0
642,no,Texas,White,2000,Male,0,0,0,0,0,0,2,0,0,0,0,0
643,no,Texas,Black,2000,Male,0,0,1,0,0,0,0,0,0,0,0,0
644,no,Oklahoma,Black,2000,Male,0,0,0,0,0,0,1,0,0,0,0,0
645,no,Texas,Latinx,2000,Male,0,0,0,0,0,0,1,0,0,0,0,0
646,no,Florida,White,2000,Male,1,0,0,0,0,0,0,0,0,0,0,0
647,yes,Texas,Black,2000,Male,1,0,0,0,0,0,0,0,0,0,0,0
648,no,Missouri,White,2000,Male,1,0,0,0,0,0,1,0,0,0,0,0
649,no,Texas,Latinx,2000,Male,1,0,0,0,0,0,0,0,0,0,0,0
650,no,Virginia,White,2000,Male,1,0,0,2,0,0,1,0,0,0,0,0
651,no,Texas,White,2000,Male,0,0,0,0,0,0,2,0,0,0,0,0
652,no,Oklahoma,White,2000,Male,0,0,0,0,0,0,1,0,0,0,0,0
653,no,Texas,Latinx,2000,Male,1,0,0,0,0,0,0,0,0,0,0,0
654,no,Texas,Black,2000,Male,1,0,0,0,0,0,0,0,0,0,0,0
655,no,Texas,Latinx,2000,Male,0,0,0,0,0,0,1,0,0,0,0,0
656,no,Oklahoma,White,2000,Male,2,0,0,0,0,0,0,0,0,0,0,0
657,no,Texas,Black,2000,Male,0,0,0,0,0,0,1,0,0,0,0,0
658,no,Texas,White,2000,Male,0,0,0,0,0,0,1,0,0,0,0,0
659,no,Texas,White,2000,Male,0,0,0,0,0,0,2,0,0,0,0,0
660,no,Florida,White,2000,Male,0,0,0,0,0,0,1,0,0,0,0,0
661,no,Missouri,White,2000,Male,2,0,0,0,0,0,1,0,0,0,0,0
662,no,Texas,Black,2000,Male,0,1,0,0,0,0,0,2,0,0,0,0
663,no,Virginia,White,2000,Male,0,0,0,0,0,0,2,0,0,0,0,0
664,no,Missouri,Black,2000,Male,0,1,0,0,0,0,0,0,0,0,0,0
665,no,Virginia,White,2000,Male,0,0,0,0,0,0,1,0,0,0,0,0
666,no,Texas,White,2000,Male,0,0,0,0,0,0,1,0,0,0,0,0
667,no,Virginia,Black,2000,Male,0,0,0,0,0,1,0,0,0,0,0,0
668,no,Texas,White,2000,Male,0,0,0,0,0,0,1,0,0,0,0,0
669,no,South Carolina,Black,2000,Male,1,0,0,0,0,0,0,0,0,0,0,0
670,no,Arizona,White,2000,Male,0,0,0,0,0,0,1,0,0,0,0,0
671,no,North Carolina,Black,2000,Male,0,0,0,0,0,0,1,0,0,0,0,0
672,no,Texas,Latinx,2000,Male,0,0,0,0,0,0,1,0,0,0,0,0
673,no,Texas,Black,2000,Male,1,0,0,0,0,0,0,0,0,0,0,0
674,no,Missouri,White,2000,Male,1,0,0,0,0,0,0,0,0,0,0,0
675,no,Texas,Black,2000,Male,0,0,0,0,0,0,0,1,0,0,0,0
676,no,Delaware,Black,2000,Male,0,1,0,0,0,0,0,1,0,0,0,0
677,no,Texas,White,2000,Male,0,0,0,0,0,0,1,0,0,0,0,0
678,no,Texas,White,2000,Male,1,0,0,0,0,0,0,0,0,0,0,0
679,no,Virginia,Black,2000,Male,0,0,0,0,0,0,0,1,0,0,0,0
680,no,Florida,Latinx,2000,Male,1,0,0,0,0,0,0,0,0,0,0,0
681,no,Texas,White,2000,Male,1,0,0,0,0,0,0,0,0,0,0,0
682,no,Arkansas,Black,2000,Male,0,1,0,0,0,0,0,0,0,0,0,0
683,no,Texas,White,2001,Male,0,0,0,0,0,0,0,0,1,0,0,0
684,no,Oklahoma,Black,2001,Male,0,1,0,0,0,0,0,0,0,0,0,0
685,no,Florida,White,2001,Male,0,0,0,0,0,0,1,0,0,0,0,0
686,no,Oklahoma,Black,2001,Female,0,0,0,0,0,0,0,1,0,0,0,0
687,no,Oklahoma,White,2001,Male,0,0,0,0,0,0,1,0,0,0,0,0
688,no,Texas,White,2001,Male,1,0,0,0,0,0,0,0,0,0,0,0
689,no,Oklahoma,American Indian or Alaska Native,2001,Male,0,0,1,0,0,0,0,0,0,0,0,0
690,no,Oklahoma,White,2001,Male,2,0,0,1,0,0,0,0,0,0,0,0
691,no,Oklahoma,White,2001,Male,2,0,0,1,0,0,0,0,0,0,0,0
692,no,Texas,Black,2001,Male,0,0,0,0,0,0,1,0,0,0,0,0
693,no,Oklahoma,White,2001,Male,0,0,0,0,0,0,1,0,0,0,0,0
694,no,Oklahoma,White,2001,Male,1,0,0,0,0,0,0,0,0,0,0,0
695,no,Missouri,White,2001,Male,1,0,0,0,0,0,0,0,0,0,0,0
696,no,Texas,Latinx,2001,Male,0,0,0,0,0,0,0,0,1,0,0,0
697,no,Virginia,White,2001,Male,1,0,0,0,0,0,0,0,0,0,0,0
698,no,Oklahoma,White,2001,Male,0,0,0,0,0,0,1,0,0,0,0,0
699,no,Texas,White,2001,Male,0,0,0,0,0,0,1,0,0,0,0,0
700,no,North Carolina,Black,2001,Male,0,0,0,0,0,0,0,1,0,0,0,0
701,no,Indiana,White,2001,Male,1,0,0,0,0,0,0,0,0,0,0,0
702,no,California,White,2001,Male,1,0,0,0,0,0,0,0,0,0,0,0
703,no,Oklahoma,White,2001,Male,0,0,0,0,0,0,3,0,0,0,0,0
704,no,Missouri,White,2001,Male,1,0,0,0,0,0,1,0,0,0,0,0
705,no,Texas,White,2001,Male,1,0,0,0,0,0,1,0,0,0,0,0
706,no,Nevada,White,2001,Male,1,0,0,0,0,0,0,0,0,0,0,0
707,no,Missouri,Black,2001,Male,3,0,0,0,0,0,0,0,0,0,0,0
708,no,Texas,Black,2001,Male,0,1,0,0,0,0,0,0,0,0,0,0
709,no,Delaware,White,2001,Male,0,0,0,0,0,0,1,0,0,0,0,0
710,no,Oklahoma,White,2001,Female,1,0,0,0,0,0,0,0,0,0,0,0
711,no,Arkansas,White,2001,Male,1,0,0,0,0,0,4,0,0,0,0,0
712,no,Oklahoma,American Indian or Alaska Native,2001,Male,1,0,0,0,0,0,0,0,0,0,0,0
713,no,Missouri,Black,2001,Male,0,1,0,0,0,0,0,0,0,0,0,0
714,no,Delaware,Black,2001,Male,0,1,0,0,0,0,0,0,0,0,0,0
715,no,Oklahoma,Black,2001,Male,0,0,0,0,0,0,0,1,0,0,0,0
716,no,Federal,White,2001,Male,7,0,0,0,0,0,1,0,0,0,0,0
717,no,Texas,White,2001,Male,1,0,0,0,0,0,0,0,0,0,0,0
718,no,Ohio,Black,2001,Male,0,1,0,0,0,0,0,0,0,0,0,0
719,no,Federal,Latinx,2001,Male,0,0,3,0,0,0,0,0,0,0,0,0
720,no,Texas,Black,2001,Male,1,0,0,0,0,0,0,0,0,0,0,0
721,no,Indiana,White,2001,Male,1,0,0,0,0,0,1,0,0,0,0,0
722,no,Missouri,Black,2001,Male,1,0,0,0,0,0,0,0,0,0,0,0
723,no,Texas,White,2001,Male,1,0,0,0,0,0,0,0,0,0,0,0
724,no,Oklahoma,American Indian or Alaska Native,2001,Male,0,0,0,0,0,0,0,0,0,0,1,0
725,no,Texas,White,2001,Male,1,0,0,0,0,0,0,0,0,0,0,0
726,no,Texas,White,2001,Male,1,0,0,0,0,0,1,0,0,0,0,0
727,no,North Carolina,White,2001,Male,0,0,0,0,0,0,1,0,0,0,0,0
728,no,Washington,White,2001,Male,0,0,0,0,0,0,1,0,0,0,0,0
729,no,Oklahoma,White,2001,Male,1,0,0,0,0,0,1,0,0,0,0,0
730,no,North Carolina,White,2001,Male,1,0,0,0,0,0,0,0,0,0,0,0
731,no,Texas,White,2001,Male,0,0,1,0,0,0,0,0,0,0,0,0
732,no,Missouri,White,2001,Male,0,0,0,0,0,0,1,0,0,0,0,0
733,no,North Carolina,Black,2001,Male,0,0,0,0,0,0,0,1,0,0,0,0
734,no,Virginia,White,2001,Male,2,0,0,0,0,0,1,0,0,0,0,0
735,no,Oklahoma,White,2001,Male,1,0,0,0,0,0,0,0,0,0,0,0
736,yes,Texas,Black,2001,Male,1,0,0,0,0,0,0,0,0,0,0,0
737,no,Missouri,White,2001,Male,1,0,0,0,0,0,0,0,0,0,0,0
738,no,Georgia,White,2001,Male,0,0,0,0,0,0,1,0,0,0,0,0
739,no,Georgia,Black,2001,Male,1,0,0,0,0,0,0,0,0,0,0,0
740,no,New Mexico,White,2001,Male,0,0,0,0,0,0,1,0,0,0,0,0
741,no,Texas,White,2001,Male,1,0,0,0,0,0,0,0,0,0,0,0
742,no,Georgia,White,2001,Male,1,0,0,0,0,0,1,0,0,0,0,0
743,no,Texas,Black,2001,Male,0,1,0,0,0,0,0,0,0,0,0,0
744,no,North Carolina,White,2001,Male,0,0,0,0,0,0,1,0,0,0,0,0
745,no,Oklahoma,American Indian or Alaska Native,2001,Female,0,0,0,0,0,0,1,0,0,0,0,0
746,no,Oklahoma,Other Race,2001,Male,0,0,0,0,0,1,0,0,0,0,0,1
747,no,Georgia,White,2001,Male,0,0,0,0,0,0,1,0,0,0,0,0
748,no,Texas,Black,2001,Male,1,0,0,0,0,0,0,0,0,0,0,0
749,no,Missouri,White,2002,Male,2,0,0,0,0,0,2,0,0,0,0,0
750,no,Texas,White,2002,Male,0,0,0,0,0,0,1,0,0,0,0,0
751,no,Texas,Black,2002,Male,0,0,0,0,0,0,0,0,1,0,0,0
752,no,Georgia,White,2002,Male,1,0,0,0,0,0,0,0,0,0,0,0
753,no,California,White,2002,Male,0,0,0,0,0,0,1,0,0,0,0,0
754,no,Oklahoma,White,2002,Male,1,0,0,0,0,0,0,0,0,0,0,0
755,no,Texas,Black,2002,Male,0,1,0,0,0,0,0,1,0,0,0,0
756,no,Texas,White,2002,Male,1,0,0,0,0,0,0,0,0,0,0,0
757,no,Oklahoma,White,2002,Male,1,0,0,0,0,0,0,0,0,0,0,0
758,no,Missouri,Black,2002,Male,0,1,0,0,0,0,0,0,0,0,0,0
759,no,Ohio,White,2002,Male,1,0,0,0,0,0,0,0,0,0,0,0
760,no,Texas,White,2002,Male,1,0,0,0,0,0,0,0,0,0,0,0
761,no,Missouri,White,2002,Male,1,0,0,0,0,0,0,0,0,0,0,0
762,no,Texas,Black,2002,Male,0,2,0,0,0,0,0,0,0,0,0,0
763,no,Georgia,White,2002,Male,1,0,0,0,0,0,0,0,0,0,0,0
764,no,Virginia,White,2002,Male,0,0,0,0,0,0,1,0,0,0,0,0
765,no,Virginia,White,2002,Male,0,0,0,0,0,0,2,0,0,0,0,0
766,no,Missouri,White,2002,Male,0,0,0,0,0,0,1,0,0,0,0,0
767,no,Texas,Latinx,2002,Male,0,0,0,0,0,0,0,0,1,0,0,0
768,no,Texas,Black,2002,Male,1,0,0,0,0,0,0,0,0,0,0,0
769,no,Texas,White,2002,Male,0,0,0,0,0,0,1,0,0,0,0,0
770,no,Ohio,Black,2002,Male,0,0,0,0,0,0,1,0,0,0,0,0
771,no,Texas,Latinx,2002,Male,0,0,1,0,0,0,0,0,0,0,0,0
772,no,South Carolina,White,2002,Male,0,1,0,0,0,0,0,0,0,0,0,0
773,no,Texas,Black,2002,Male,0,0,0,0,0,0,1,0,0,0,0,0
774,no,Alabama,White,2002,Female,1,0,0,0,0,0,0,0,0,0,0,0
775,no,Louisiana,White,2002,Male,0,0,0,0,0,0,1,0,0,0,0,0
776,no,Texas,White,2002,Male,1,0,0,0,0,0,0,0,0,0,0,0
777,no,Texas,Latinx,2002,Male,1,0,0,0,0,0,0,0,0,0,0,0
778,yes,Texas,Black,2002,Male,1,0,0,0,0,0,0,0,0,0,0,0
779,no,Texas,White,2002,Male,1,0,0,0,0,0,0,0,0,0,0,0
780,no,Virginia,Black,2002,Male,1,0,0,0,0,0,0,0,0,0,0,0
781,no,Texas,White,2002,Male,1,0,0,0,0,0,0,0,0,0,0,0
782,no,Texas,White,2002,Male,2,0,0,0,0,0,3,0,0,0,0,0
783,no,Texas,Black,2002,Male,0,0,0,0,0,0,0,1,0,0,0,0
784,no,Mississippi,White,2002,Male,1,0,0,0,0,0,0,0,0,0,0,0
785,no,Oklahoma,White,2002,Male,0,0,0,0,0,0,1,0,0,0,0,0
786,no,Oklahoma,White,2002,Male,1,0,0,0,0,0,0,0,0,0,0,0
787,no,Texas,White,2002,Male,0,0,0,0,0,0,1,0,0,0,0,0
788,yes,Texas,Black,2002,Male,1,0,0,0,0,0,0,0,0,0,0,0
789,no,Texas,Latinx,2002,Male,0,0,1,0,0,0,0,0,0,0,0,0
790,no,Missouri,White,2002,Male,0,0,0,0,0,0,1,0,0,0,0,0
791,no,Georgia,White,2002,Male,0,0,0,0,0,0,1,0,0,0,0,0
792,no,Texas,White,2002,Male,0,0,0,0,0,0,1,0,0,0,0,0
793,no,South Carolina,Black,2002,Male,0,0,0,0,0,0,1,0,0,0,0,0
794,yes,Texas,Black,2002,Male,0,0,0,0,0,0,0,3,0,0,0,0
795,no,Texas,Black,2002,Male,0,1,0,0,0,0,0,1,0,0,0,0
796,no,South Carolina,White,2002,Male,0,0,0,0,0,0,1,0,0,0,0,0
797,no,Texas,White,2002,Male,0,0,0,0,0,0,1,0,0,0,0,0
798,no,Texas,White,2002,Male,0,0,0,0,0,0,1,0,0,0,0,0
799,no,Texas,White,2002,Male,0,0,0,0,0,0,2,0,0,0,0,0
800,no,Ohio,White,2002,Male,0,0,0,0,0,0,1,0,0,0,0,0
801,no,Texas,Black,2002,Male,0,1,0,0,0,0,0,0,0,0,0,0
802,no,Texas,White,2002,Male,0,0,0,0,0,0,1,0,0,0,0,0
803,no,Florida,Latinx,2002,Male,0,0,0,0,0,0,0,0,1,0,0,0
804,no,Florida,White,2002,Female,1,0,0,0,0,0,0,0,0,0,0,0
805,no,Georgia,White,2002,Male,1,0,0,0,0,0,1,0,0,0,0,0
806,no,Virginia,Other Race,2002,Male,1,0,0,0,0,0,0,0,0,0,0,0
807,no,Texas,White,2002,Male,1,0,0,0,0,0,0,0,0,0,0,0
808,no,Missouri,White,2002,Male,1,0,0,0,0,0,0,0,0,0,0,0
809,no,Texas,White,2002,Male,0,0,0,0,0,0,2,0,0,0,0,0
810,no,Texas,Latinx,2002,Male,0,0,1,0,0,0,1,0,0,0,0,0
811,no,North Carolina,White,2002,Male,1,0,0,0,0,0,0,0,0,0,0,0
812,no,Florida,Black,2002,Male,0,0,0,0,0,0,0,1,0,0,0,0
813,no,North Carolina,Black,2002,Male,0,0,0,0,0,0,1,0,0,0,0,0
814,no,Oklahoma,White,2002,Male,3,0,0,0,0,0,1,0,0,0,0,0
815,no,Texas,White,2002,Male,1,0,0,0,0,0,1,0,0,0,0,0
816,no,Mississippi,White,2002,Male,0,0,0,0,0,0,1,0,0,0,0,0
817,no,Alabama,White,2002,Male,1,0,0,0,0,0,0,0,0,0,0,0
818,no,Oklahoma,White,2002,Male,1,0,0,0,0,0,3,0,0,0,0,0
819,no,Oklahoma,Black,2002,Male,1,0,0,0,0,0,0,0,0,0,0,0
820,no,Texas,White,2003,Male,1,0,0,0,0,0,2,0,0,0,0,0
821,no,Texas,Latinx,2003,Male,0,0,0,0,0,0,0,0,1,0,0,0
822,no,Oklahoma,White,2003,Male,0,0,1,0,0,0,0,0,0,0,0,0
823,no,Texas,White,2003,Male,0,0,0,0,0,0,1,0,0,0,0,0
824,no,Texas,Black,2003,Male,0,0,1,0,0,0,0,0,0,0,0,0
825,no,Texas,White,2003,Male,0,0,0,0,0,0,2,0,0,0,0,0
826,no,Texas,White,2003,Male,1,0,0,0,0,0,0,0,0,0,0,0
827,no,Texas,Latinx,2003,Male,0,0,0,0,0,0,0,0,1,0,0,0
828,no,Missouri,White,2003,Male,1,0,0,0,0,0,0,0,0,0,0,0
829,no,Texas,Black,2003,Male,0,0,1,0,0,0,0,0,0,0,0,0
830,no,Ohio,White,2003,Male,0,0,0,0,0,0,1,0,0,0,0,0
831,no,Oklahoma,Black,2003,Male,0,0,0,0,0,0,1,0,0,0,0,0
832,no,Texas,Black,2003,Male,0,0,0,0,0,0,0,1,0,0,0,0
833,no,Florida,Black,2003,Male,0,0,0,0,0,0,1,0,0,0,0,0
834,no,Texas,White,2003,Male,1,0,0,0,0,0,0,0,0,0,0,0
835,no,Alabama,White,2003,Male,0,0,0,0,0,0,1,0,0,0,0,0
836,no,Federal,Black,2003,Male,0,0,0,0,0,0,1,0,0,0,0,0
837,no,Oklahoma,Black,2003,Male,0,1,0,0,0,0,0,0,0,0,0,0
838,no,Texas,Black,2003,Male,0,0,0,0,0,1,0,0,0,0,0,0
839,no,Oklahoma,Black,2003,Male,0,0,0,0,0,0,0,2,0,0,0,0
840,no,Georgia,White,2003,Male,1,0,0,0,0,0,0,0,0,0,0,0
841,no,Texas,White,2003,Male,0,0,0,0,0,0,1,0,0,0,0,0
842,yes,Oklahoma,White,2003,Male,1,0,0,0,0,0,1,0,0,0,0,0
843,no,Oklahoma,White,2003,Male,0,0,0,0,0,0,1,0,0,0,0,0
844,no,Virginia,White,2003,Male,1,0,0,0,0,0,3,0,0,0,0,0
845,no,Oklahoma,Black,2003,Male,0,0,0,0,0,0,0,1,0,0,0,0
846,no,Texas,Latinx,2003,Male,0,0,1,0,0,0,0,0,0,0,0,0
847,no,Alabama,White,2003,Male,1,0,0,0,0,0,0,0,0,0,0,0
848,no,Ohio,White,2003,Male,0,0,0,0,0,0,1,0,0,0,0,0
849,no,Indiana,White,2003,Male,2,0,0,0,0,0,0,0,0,0,0,0
850,no,Texas,White,2003,Male,0,0,0,0,0,0,1,0,0,0,0,0
851,no,Georgia,White,2003,Male,5,0,0,0,0,0,1,0,0,0,0,0
852,no,Texas,White,2003,Male,1,0,0,0,0,0,0,0,0,0,0,0
853,no,Florida,White,2003,Male,2,0,0,0,0,0,2,0,0,0,0,0
854,no,Oklahoma,White,2003,Male,1,0,0,0,0,0,1,0,0,0,0,0
855,no,Oklahoma,Black,2003,Male,0,0,0,0,0,0,0,1,0,0,0,0
856,no,Texas,Black,2003,Male,1,0,0,0,0,0,0,0,0,0,0,0
857,no,Indiana,White,2003,Male,1,0,0,0,0,0,2,0,0,0,0,0
858,no,Ohio,Black,2003,Male,0,1,0,0,0,0,0,0,0,0,0,0
859,no,Oklahoma,White,2003,Male,0,0,0,0,0,0,1,0,0,0,0,0
860,no,Texas,White,2003,Male,1,0,0,0,0,0,0,0,0,0,0,0
861,no,Oklahoma,White,2003,Male,1,0,0,0,0,0,0,0,0,0,0,0
862,no,Texas,Black,2003,Male,0,0,0,0,0,0,0,1,0,0,0,0
863,no,Arkansas,Black,2003,Male,0,3,0,0,0,0,0,0,0,0,0,0
864,no,Oklahoma,Black,2003,Male,0,2,0,0,0,0,0,0,0,0,0,0
865,no,Virginia,White,2003,Male,0,0,0,0,0,0,1,0,0,0,0,0
866,no,Texas,Black,2003,Male,1,0,0,0,0,0,0,0,0,0,0,0
867,no,Oklahoma,White,2003,Male,0,0,0,0,0,0,1,0,0,0,0,0
868,no,Texas,White,2003,Male,1,0,0,0,0,0,0,0,0,0,0,0
869,no,Oklahoma,White,2003,Male,1,0,0,0,0,0,1,0,0,0,0,0
870,no,Alabama,White,2003,Male,3,0,0,0,0,0,1,0,0,0,0,0
871,no,North Carolina,Black,2003,Male,0,1,0,0,0,0,0,0,0,0,0,0
872,no,Florida,White,2003,Male,2,0,0,0,0,0,0,0,0,0,0,0
873,no,Texas,White,2003,Male,0,0,0,0,0,0,1,1,0,0,0,0
874,no,North Carolina,American Indian or Alaska Native,2003,Male,0,0,0,0,2,0,0,0,0,0,0,0
875,no,North Carolina,White,2003,Male,1,0,0,0,0,0,0,0,0,0,0,0
876,no,North Carolina,White,2003,Male,1,0,0,0,0,0,0,0,0,0,0,0
877,no,Missouri,White,2003,Male,1,0,0,0,0,0,1,0,0,0,0,0
878,no,Georgia,White,2003,Male,0,0,0,0,0,0,1,0,0,0,0,0
879,no,North Carolina,White,2003,Male,1,0,0,0,0,0,0,0,0,0,0,0
880,no,North Carolina,Black,2003,Male,0,0,0,0,0,0,0,1,0,0,0,0
881,no,Texas,White,2003,Male,0,0,0,0,0,0,2,0,0,0,0,0
882,no,Texas,White,2003,Male,1,0,0,0,0,0,1,0,0,0,0,0
883,no,Texas,White,2003,Male,0,0,0,0,0,0,1,0,0,0,0,0
884,no,North Carolina,Black,2003,Male,1,0,0,0,0,0,0,0,0,0,0,0
885,no,Texas,Black,2004,Male,0,0,0,0,0,0,1,0,0,0,0,0
886,no,Arkansas,Black,2004,Male,0,0,0,0,0,0,1,0,0,0,0,0
887,no,North Carolina,White,2004,Male,1,0,0,0,0,0,0,0,0,0,0,0
888,no,Oklahoma,Black,2004,Male,0,0,0,0,0,0,0,1,0,0,0,0
889,no,Ohio,Black,2004,Male,0,0,0,0,0,0,1,0,0,0,0,0
890,no,Texas,Black,2004,Male,0,0,0,0,0,0,1,0,0,0,0,0
891,no,Texas,White,2004,Male,1,0,0,0,0,0,0,0,0,0,0,0
892,no,Texas,White,2004,Male,1,0,0,0,0,0,0,0,0,0,0,0
893,no,Ohio,White,2004,Male,0,0,0,0,0,0,1,0,0,0,0,0
894,no,Florida,Black,2004,Male,0,0,0,0,0,0,1,0,0,0,0,0
895,no,Texas,Black,2004,Male,0,0,0,0,0,0,0,3,0,0,0,0
896,no,Texas,Black,2004,Male,0,0,0,0,0,0,2,0,0,0,0,0
897,no,Oklahoma,White,2004,Male,0,0,0,0,0,0,1,0,0,0,0,0
898,no,Texas,White,2004,Male,0,0,0,0,0,0,3,0,0,0,0,0
899,no,Texas,Black,2004,Male,1,0,0,0,0,0,0,0,0,0,0,0
900,no,Oklahoma,White,2004,Male,1,0,0,0,0,0,0,0,0,0,0,0
901,no,Virginia,White,2004,Male,0,0,0,0,0,0,1,0,0,0,0,0
902,no,South Carolina,White,2004,Male,1,0,0,0,0,0,0,0,0,0,0,0
903,no,Oklahoma,Asian,2004,Male,0,0,0,1,0,0,0,0,0,0,0,0
904,no,Nevada,White,2004,Male,1,0,0,0,0,0,0,0,0,0,0,0
905,no,Ohio,White,2004,Male,1,0,0,0,0,0,1,0,0,0,0,0
906,no,Virginia,White,2004,Male,1,0,0,0,0,0,0,0,0,0,0,0
907,no,South Carolina,White,2004,Male,1,0,0,0,0,0,0,0,0,0,0,0
908,no,South Carolina,White,2004,Male,0,0,0,0,0,0,1,0,0,0,0,0
909,no,Texas,Black,2004,Male,1,0,0,0,0,0,1,0,0,0,0,0
910,no,Florida,White,2004,Male,1,0,0,0,0,0,0,0,0,0,0,0
911,no,South Carolina,White,2004,Male,0,0,0,0,0,0,2,0,0,0,0,0
912,no,Ohio,White,2004,Male,1,0,0,0,0,0,0,0,0,0,0,0
913,no,Oklahoma,White,2004,Male,0,0,0,0,0,0,1,0,0,0,0,0
914,no,Maryland,White,2004,Male,0,0,0,0,0,0,1,0,0,0,0,0
915,no,Texas,White,2004,Male,1,0,0,0,0,0,0,0,0,0,0,0
916,no,Georgia,White,2004,Male,0,0,0,0,0,0,1,0,0,0,0,0
917,no,Ohio,White,2004,Male,0,0,0,0,0,0,2,0,0,0,0,0
918,no,Georgia,White,2004,Male,0,0,0,0,0,0,1,0,0,0,0,0
919,no,Ohio,White,2004,Male,1,0,0,0,0,0,1,0,0,0,0,0
920,no,Virginia,White,2004,Male,1,0,0,0,0,0,1,0,0,0,0,0
921,no,Alabama,White,2004,Male,0,0,0,0,0,0,1,0,0,0,0,0
922,no,Nevada,White,2004,Male,0,0,0,0,0,0,1,0,0,0,0,0
923,no,Virginia,White,2004,Male,2,0,0,0,0,0,1,0,0,0,0,0
924,no,Texas,White,2004,Male,0,0,0,0,0,0,2,0,0,0,0,0
925,no,Oklahoma,White,2004,Male,0,0,0,0,0,0,1,0,0,0,0,0
926,no,Texas,Black,2004,Male,1,0,0,0,0,0,0,0,0,0,0,0
927,no,Virginia,Black,2004,Male,0,0,0,0,0,0,0,1,0,0,0,0
928,no,Texas,Latinx,2004,Male,0,0,1,0,0,0,0,0,0,0,0,0
929,no,Alabama,White,2004,Male,1,0,0,0,0,0,0,0,0,0,0,0
930,no,Texas,Black,2004,Male,0,1,0,0,0,0,0,1,0,0,0,0
931,no,Texas,Latinx,2004,Male,1,0,0,0,0,0,0,0,0,0,0,0
932,no,North Carolina,Black,2004,Male,0,0,0,0,0,0,0,1,0,0,0,0
933,no,Texas,White,2004,Male,0,0,1,0,0,0,0,0,0,0,0,0
934,no,Ohio,Black,2004,Male,1,0,0,0,0,0,0,0,0,0,0,0
935,no,Texas,White,2004,Male,1,0,0,0,0,0,0,0,0,0,0,0
936,no,North Carolina,White,2004,Male,0,0,0,0,0,0,2,0,0,0,0,0
937,no,Texas,Black,2004,Male,0,1,0,0,0,0,0,0,0,0,0,0
938,no,Texas,Black,2004,Male,0,1,0,0,0,0,0,0,0,0,0,0
939,no,Texas,White,2004,Male,0,0,0,0,0,0,1,0,0,0,0,0
940,no,Texas,Black,2004,Male,1,0,0,0,0,0,0,0,0,0,0,0
941,no,Texas,Black,2004,Male,0,0,1,0,0,0,0,0,0,0,0,0
942,no,North Carolina,White,2004,Male,0,0,0,0,0,0,1,0,0,0,0,0
943,no,Texas,Latinx,2004,Male,1,0,0,0,0,0,0,0,0,0,0,0
944,no,Texas,White,2005,Male,0,0,1,0,0,0,0,0,0,0,0,0
945,no,California,White,2005,Male,0,0,0,0,0,0,2,0,0,0,0,0
946,no,Texas,White,2005,Male,1,0,0,0,0,0,0,0,0,0,0,0
947,no,Georgia,White,2005,Male,1,0,0,0,0,0,0,0,0,0,0,0
948,no,Texas,White,2005,Male,0,0,0,0,0,0,4,0,0,0,0,0
949,no,Georgia,White,2005,Male,1,0,0,0,0,0,0,0,0,0,0,0
950,no,Ohio,Black,2005,Male,0,0,0,0,0,0,0,1,0,0,0,0
951,no,Texas,White,2005,Male,0,0,0,0,0,0,1,0,0,0,0,0
952,no,Indiana,White,2005,Male,2,0,0,0,0,0,2,0,0,0,0,0
953,no,North Carolina,White,2005,Male,0,0,0,0,0,0,1,0,0,0,0,0
954,no,Oklahoma,White,2005,Male,0,0,0,0,0,0,2,0,0,0,0,0
955,no,Missouri,Black,2005,Male,0,0,0,0,0,0,1,0,0,0,0,0
956,no,Florida,White,2005,Male,0,0,0,0,0,0,1,0,0,0,0,0
957,no,South Carolina,White,2005,Male,2,0,0,0,0,0,0,0,0,0,0,0
958,no,Texas,White,2005,Male,0,0,1,0,0,0,0,0,0,0,0,0
959,no,Indiana,White,2005,Male,0,0,0,0,0,0,1,0,0,0,0,0
960,no,Missouri,Black,2005,Male,0,0,0,0,0,0,0,1,0,0,0,0
961,no,Alabama,White,2005,Male,1,0,0,0,0,0,0,0,0,0,0,0
962,no,Texas,White,2005,Male,1,0,0,0,0,0,0,0,0,0,0,0
963,no,North Carolina,Black,2005,Male,0,1,0,0,0,0,0,2,0,0,0,0
964,no,Oklahoma,Black,2005,Male,1,0,0,0,0,0,0,0,0,0,0,0
965,no,Connecticut,White,2005,Male,0,0,0,0,0,0,4,0,0,0,0,0
966,no,Missouri,Black,2005,Male,0,0,0,0,0,0,0,1,0,0,0,0
967,no,Texas,Black,2005,Male,0,0,0,0,0,0,0,1,0,0,0,0
968,no,Texas,White,2005,Male,0,0,1,0,0,0,0,0,0,0,0,0
969,no,Indiana,White,2005,Male,0,0,0,0,0,0,1,0,0,0,0,0
970,no,Alabama,White,2005,Male,1,0,0,0,0,0,0,0,0,0,0,0
971,no,Texas,Latinx,2005,Male,0,0,0,0,0,0,1,0,0,0,0,0
972,no,Georgia,White,2005,Male,1,0,0,0,0,0,0,0,0,0,0,0
973,no,Oklahoma,Black,2005,Male,1,0,0,0,0,0,0,0,0,0,0,0
974,no,Indiana,White,2005,Male,3,0,0,0,0,0,0,0,0,0,0,0
975,no,Texas,Latinx,2005,Male,0,0,0,0,0,0,1,0,0,0,0,0
976,no,Alabama,White,2005,Male,1,0,0,0,0,0,0,0,0,0,0,0
977,no,Texas,Black,2005,Male,1,0,0,0,0,0,0,0,0,0,0,0
978,no,Oklahoma,Black,2005,Male,0,0,0,0,0,0,0,1,0,0,0,0
979,no,Texas,White,2005,Male,0,0,0,0,0,0,1,0,0,0,0,0
980,no,Missouri,White,2005,Male,0,0,0,0,0,0,1,0,0,0,0,0
981,no,Texas,Black,2005,Female,0,2,0,0,0,0,0,1,0,0,0,0
982,no,Alabama,White,2005,Male,2,0,0,0,0,0,1,0,0,0,0,0
983,no,Ohio,White,2005,Male,1,0,0,0,0,0,0,0,0,0,0,0
984,no,Indiana,White,2005,Male,0,0,0,0,0,0,1,0,0,0,0,0
985,no,Texas,Black,2005,Male,1,0,0,0,0,0,0,0,0,0,0,0
986,no,Texas,Latinx,2005,Male,0,0,1,0,0,0,0,0,0,0,0,0
987,no,Ohio,Black,2005,Male,3,0,0,0,0,0,0,1,0,0,0,0
988,no,Missouri,Black,2005,Male,0,0,0,0,0,0,1,0,0,0,0,0
989,no,Texas,White,2005,Male,0,0,0,0,0,0,1,0,0,0,0,0
990,no,Delaware,White,2005,Male,0,0,0,0,0,0,1,0,0,0,0,0
991,no,South Carolina,Black,2005,Male,3,0,0,0,0,0,1,0,0,0,0,0
992,no,Texas,White,2005,Male,0,0,0,0,0,0,1,0,0,0,0,0
993,no,North Carolina,White,2005,Male,1,0,0,0,0,0,1,0,0,0,0,0
994,no,Texas,White,2005,Male,1,0,1,0,0,0,0,0,0,0,0,0
995,no,Texas,Black,2005,Male,0,0,2,0,0,0,1,0,0,0,0,0
996,no,North Carolina,Other Race,2005,Male,0,0,0,0,0,0,0,0,0,0,0,1
997,no,Arkansas,White,2005,Male,0,0,0,0,0,0,1,0,0,0,0,0
998,no,Ohio,Black,2005,Male,0,0,0,0,0,0,0,2,0,0,0,0
999,no,North Carolina,White,2005,Male,1,0,0,0,0,0,1,0,0,0,0,0
1000,no,South Carolina,White,2005,Male,1,0,0,0,0,0,0,0,0,0,0,0
1001,no,Maryland,Black,2005,Male,0,0,0,0,0,0,1,0,0,0,0,0
1002,no,California,Black,2005,Male,1,0,0,1,0,0,0,0,0,2,0,0
1003,no,Mississippi,White,2005,Male,0,0,0,0,0,0,1,0,0,0,0,0
1004,no,California,American Indian or Alaska Native,2006,Male,2,0,0,0,0,0,1,0,0,0,0,0
1005,no,North Carolina,Black,2006,Male,1,0,0,0,0,0,0,0,0,0,0,0
1006,no,Texas,Black,2006,Male,0,0,2,0,0,0,0,0,1,0,0,0
1007,no,Indiana,White,2006,Male,1,0,0,0,0,0,1,0,0,0,0,0
1008,no,Texas,Latinx,2006,Male,0,0,2,0,0,0,0,0,0,0,0,0
1009,no,Ohio,White,2006,Male,0,0,0,0,0,0,2,0,0,0,0,0
1010,no,Texas,White,2006,Male,0,0,0,0,1,0,0,0,0,0,0,0
1011,no,Texas,Black,2006,Male,1,0,0,0,0,0,0,0,0,0,0,0
1012,no,Texas,Black,2006,Male,0,0,0,0,0,0,0,1,0,0,0,0
1013,no,North Carolina,White,2006,Male,1,0,0,0,0,0,0,0,0,0,0,0
1014,no,Texas,Latinx,2006,Male,0,0,0,0,0,0,0,0,1,0,0,0
1015,no,Texas,Black,2006,Male,0,1,0,0,0,0,0,0,0,0,0,0
1016,no,Oklahoma,White,2006,Male,3,0,0,0,0,0,0,0,0,0,0,0
1017,no,North Carolina,Black,2006,Male,0,0,0,0,0,0,0,1,0,0,0,0
1018,no,Nevada,Black,2006,Male,0,0,0,0,0,0,1,0,0,0,0,0
1019,no,Virginia,Black,2006,Male,0,0,0,0,0,0,1,0,0,0,0,0
1020,no,Ohio,Black,2006,Male,1,0,0,0,0,0,0,0,0,0,0,0
1021,no,Texas,Latinx,2006,Male,0,0,0,0,0,0,1,0,0,0,0,0
1022,no,Texas,Black,2006,Male,1,0,0,0,0,0,1,0,0,0,0,0
1023,no,Texas,Latinx,2006,Male,0,0,1,0,0,0,0,0,1,0,0,0
1024,no,Oklahoma,White,2006,Male,1,0,0,0,0,0,0,0,0,0,0,0
1025,no,Texas,White,2006,Male,0,0,0,0,0,0,1,0,0,0,0,0
1026,no,Texas,Black,2006,Male,0,3,0,0,0,0,0,0,0,0,0,0
1027,no,Texas,Latinx,2006,Male,0,0,0,0,0,0,0,0,1,0,0,0
1028,no,Tennessee,White,2006,Male,0,0,0,0,0,0,1,0,0,0,0,0
1029,no,Texas,Black,2006,Male,0,0,0,0,0,0,2,0,0,0,0,0
1030,no,Ohio,White,2006,Male,0,0,0,0,0,0,1,0,0,0,0,0
1031,no,South Carolina,White,2006,Male,0,1,0,0,0,0,0,0,0,0,0,0
1032,no,Texas,Black,2006,Male,1,0,0,0,0,0,0,0,0,0,0,0
1033,no,Texas,White,2006,Male,0,0,0,0,0,0,1,0,0,0,0,0
1034,no,Virginia,White,2006,Male,0,0,0,0,0,0,0,1,0,0,0,0
1035,no,Virginia,White,2006,Male,1,0,0,0,0,0,0,0,0,0,0,0
1036,no,Texas,Black,2006,Male,0,1,0,0,0,0,0,0,0,0,0,0
1037,no,Ohio,White,2006,Male,1,0,0,0,0,0,2,0,0,0,0,0
1038,no,Montana,White,2006,Male,2,0,0,0,0,0,1,0,0,0,0,0
1039,no,Texas,Latinx,2006,Male,0,0,0,0,0,0,1,0,0,0,0,0
1040,no,North Carolina,White,2006,Male,0,0,0,0,0,0,1,0,0,0,0,0
1041,no,Texas,Black,2006,Male,1,0,0,0,0,0,0,0,0,0,0,0
1042,no,Oklahoma,Black,2006,Male,0,0,0,0,0,0,1,0,0,0,0,0
1043,no,Oklahoma,White,2006,Male,0,0,0,0,0,0,1,0,0,0,0,0
1044,no,Texas,Black,2006,Male,1,0,0,0,0,0,1,0,0,0,0,0
1045,no,Texas,Black,2006,Male,0,1,0,0,0,0,0,0,0,0,0,0
1046,no,Florida,Black,2006,Male,1,0,0,0,0,0,0,0,0,0,0,0
1047,no,Florida,White,2006,Male,0,0,0,0,0,0,1,0,0,0,0,0
1048,no,Mississippi,White,2006,Male,0,0,0,0,0,0,2,0,0,0,0,0
1049,no,Ohio,White,2006,Male,1,0,0,0,0,0,4,0,0,0,0,0
1050,no,Florida,White,2006,Male,0,0,1,0,0,0,4,0,0,0,0,0
1051,no,Texas,White,2006,Male,2,0,0,0,0,0,1,0,0,0,0,0
1052,no,Alabama,White,2006,Male,0,0,0,0,0,0,1,0,0,0,0,0
1053,no,Texas,Black,2006,Male,0,1,0,0,0,0,0,0,0,0,0,0
1054,no,Texas,Black,2006,Male,0,0,1,0,0,0,0,0,0,0,0,0
1055,no,Virginia,White,2006,Male,0,1,0,0,0,0,0,0,0,0,0,0
1056,no,Florida,Latinx,2006,Male,1,0,0,0,0,0,0,0,0,0,0,0
1057,no,Oklahoma,Black,2007,Male,3,0,0,0,0,0,1,0,0,0,0,0
1058,no,Texas,Latinx,2007,Male,0,0,1,0,0,0,0,0,1,0,0,0
1059,no,Texas,White,2007,Male,0,0,1,0,0,0,0,0,0,0,0,0
1060,no,Texas,White,2007,Male,0,0,0,0,0,0,2,0,0,0,0,0
1061,no,Texas,Black,2007,Male,0,0,0,0,0,0,0,3,0,0,0,0
1062,no,Texas,White,2007,Male,1,0,0,0,0,0,1,0,0,0,0,0
1063,no,Texas,White,2007,Male,2,0,0,0,0,0,0,0,0,0,0,0
1064,no,Texas,Latinx,2007,Male,0,0,2,0,0,0,0,0,0,0,0,0
1065,no,Texas,Black,2007,Male,1,0,0,0,0,0,0,0,0,0,0,0
1066,no,Texas,Black,2007,Male,0,0,0,1,0,0,0,0,0,0,0,0
1067,no,Texas,Latinx,2007,Male,0,0,1,0,0,0,0,0,0,0,0,0
1068,no,Texas,White,2007,Male,0,0,2,0,0,0,0,0,0,0,0,0
1069,no,Texas,White,2007,Male,0,0,0,0,0,0,1,0,0,0,0,0
1070,no,Ohio,White,2007,Male,0,0,0,0,0,0,1,0,0,0,0,0
1071,no,Texas,White,2007,Male,1,0,0,0,0,0,1,0,0,0,0,0
1072,no,Alabama,Black,2007,Male,1,0,0,0,0,0,1,0,0,0,0,0
1073,no,Indiana,White,2007,Male,0,0,1,0,0,0,0,0,0,0,0,0
1074,no,Tennessee,White,2007,Male,1,0,0,0,0,0,0,0,0,0,0,0
1075,no,Texas,White,2007,Male,1,0,0,0,0,0,0,0,0,0,0,0
1076,no,Arizona,White,2007,Male,1,0,0,0,0,0,0,0,0,0,0,0
1077,no,Ohio,White,2007,Male,1,0,0,0,0,0,0,0,0,0,0,0
1078,no,Texas,White,2007,Male,0,0,0,0,0,0,1,0,0,0,0,0
1079,no,Indiana,White,2007,Male,1,0,0,0,0,0,0,0,0,0,0,0
1080,no,Texas,Latinx,2007,Male,0,0,0,0,0,0,0,0,0,1,0,0
1081,no,Texas,Latinx,2007,Male,0,0,0,0,0,0,0,0,1,0,0,0
1082,no,South Carolina,Black,2007,Male,1,0,0,0,0,0,0,0,0,0,0,0
1083,no,Oklahoma,White,2007,Male,1,0,0,0,0,0,0,0,0,0,0,0
1084,no,Texas,White,2007,Male,1,0,0,0,0,0,1,0,0,0,0,0
1085,no,Georgia,Black,2007,Male,0,0,0,0,0,0,0,3,0,0,0,0
1086,no,South Dakota,White,2007,Male,1,0,0,0,0,0,0,0,0,0,0,0
1087,no,Texas,Black,2007,Male,2,0,0,0,0,0,0,0,0,0,0,0
1088,no,Alabama,Black,2007,Male,0,0,0,0,0,0,1,0,0,0,0,0
1089,no,Texas,Black,2007,Male,0,0,0,0,0,0,1,0,0,0,0,0
1090,no,Oklahoma,White,2007,Male,0,0,0,0,0,0,1,0,0,0,0,0
1091,no,Texas,Black,2007,Male,0,0,0,0,0,0,0,0,0,1,0,0
1092,no,Alabama,Black,2007,Male,1,0,0,0,0,0,0,0,0,0,0,0
1093,no,Texas,Black,2007,Male,3,0,0,0,0,0,1,0,0,0,0,0
1094,no,Texas,Latinx,2007,Male,1,0,0,0,0,0,0,0,0,0,0,0
1095,no,Texas,White,2007,Male,0,0,0,0,0,0,1,0,0,0,0,0
1096,no,Tennessee,White,2007,Male,3,0,0,0,0,0,0,1,0,0,0,0
1097,no,Texas,White,2007,Male,1,0,0,0,0,0,2,0,0,0,0,0
1098,no,Texas,Black,2007,Male,0,0,0,0,0,0,1,0,0,0,0,0
1099,no,Georgia,White,2008,Male,0,0,0,0,0,0,1,0,0,0,0,0
1100,no,Mississippi,White,2008,Male,0,0,0,0,0,0,1,0,0,0,0,0
1101,no,Virginia,Black,2008,Male,0,0,0,0,0,0,1,0,0,0,0,0
1102,no,Georgia,Black,2008,Male,0,1,0,0,0,0,0,1,0,0,0,0
1103,no,South Carolina,White,2008,Male,1,0,0,0,0,0,1,1,0,0,0,0
1104,no,Texas,White,2008,Male,0,0,0,0,0,0,1,0,0,0,0,0
1105,no,Oklahoma,White,2008,Male,0,0,0,1,0,0,0,0,0,0,0,0
1106,no,South Carolina,Black,2008,Male,0,1,0,0,0,0,0,1,0,0,0,0
1107,no,Virginia,Black,2008,Male,1,0,0,0,0,0,0,0,0,0,0,0
1108,no,Florida,White,2008,Male,0,0,1,0,0,0,0,0,0,0,0,0
1109,no,Texas,Black,2008,Male,0,1,0,0,0,0,0,1,0,0,0,0
1110,no,Virginia,Black,2008,Male,0,0,0,0,0,0,1,0,0,0,0,0
1111,no,Mississippi,White,2008,Male,1,0,0,0,0,0,0,0,0,0,0,0
1112,no,Texas,Black,2008,Male,0,1,0,0,0,0,0,1,0,0,0,0
1113,no,Virginia,White,2008,Male,1,0,0,0,0,0,0,0,0,0,0,0
1114,no,Texas,Black,2008,Male,1,0,0,0,0,0,0,0,0,0,0,0
1115,no,Texas,Latinx,2008,Male,0,0,0,0,0,0,2,0,0,0,0,0
1116,no,Texas,Latinx,2008,Male,1,0,0,0,0,0,0,0,0,0,0,0
1117,no,Texas,Black,2008,Male,2,0,0,0,0,0,0,0,0,0,0,0
1118,no,Texas,Latinx,2008,Male,1,0,0,0,0,0,0,0,0,0,0,0
1119,no,Georgia,White,2008,Male,0,0,0,0,0,0,1,0,0,0,0,0
1120,no,Texas,White,2008,Male,0,0,0,0,0,0,1,0,0,0,0,0
1121,no,Florida,Black,2008,Male,0,0,0,0,0,0,0,2,0,0,0,0
1122,no,Oklahoma,White,2008,Male,0,0,0,0,0,0,1,0,0,0,0,0
1123,no,Ohio,White,2008,Male,0,0,0,0,0,0,2,0,0,0,0,0
1124,no,Texas,White,2008,Male,2,0,0,0,0,0,1,0,0,0,0,0
1125,no,Texas,Black,2008,Male,0,0,0,1,0,0,0,0,0,2,0,0
1126,no,Texas,White,2008,Male,1,0,0,0,0,0,0,0,0,0,0,0
1127,no,Texas,White,2008,Male,0,0,0,0,0,0,1,0,0,0,0,0
1128,no,Texas,White,2008,Male,0,0,0,0,0,0,1,0,0,0,0,0
1129,no,Texas,Black,2008,Male,0,1,0,0,0,0,0,0,0,0,0,0
1130,no,Texas,Black,2008,Male,0,0,0,0,0,0,0,1,0,0,0,0
1131,no,Texas,Black,2008,Male,0,0,0,0,0,0,1,0,0,0,0,0
1132,no,Ohio,Black,2008,Male,1,0,0,0,0,0,0,0,0,0,0,0
1133,no,Texas,Black,2008,Male,0,0,0,0,0,0,0,1,0,0,0,0
1134,no,Kentucky,White,2008,Male,1,0,0,0,0,0,1,0,0,0,0,0
1135,no,South Carolina,Black,2008,Male,0,0,0,0,0,0,1,0,0,0,0,0
1136,no,Texas,Black,2009,Male,0,2,0,0,0,0,0,1,0,0,0,0
1137,no,Alabama,White,2009,Male,0,0,0,0,0,0,1,0,0,0,0,0
1138,no,Texas,Black,2009,Male,0,2,0,0,0,0,0,0,0,0,0,0
1139,no,Oklahoma,Black,2009,Male,1,0,0,0,0,0,0,0,0,0,0,0
1140,no,Texas,Black,2009,Male,0,0,0,0,0,0,0,1,0,0,0,0
1141,no,Texas,Latinx,2009,Male,0,0,2,0,0,0,0,0,2,0,0,0
1142,no,Texas,Latinx,2009,Male,0,0,1,0,0,0,0,0,0,0,0,0
1143,no,Tennessee,White,2009,Male,1,0,0,0,0,0,1,0,0,0,0,0
1144,no,Texas,Latinx,2009,Male,0,0,1,0,0,0,0,0,1,0,0,0
1145,no,Texas,Black,2009,Male,0,0,0,0,0,0,0,1,0,0,0,0
1146,no,Florida,White,2009,Male,0,0,0,0,0,0,1,0,0,0,0,0
1147,no,Alabama,White,2009,Male,0,0,0,0,0,0,1,0,0,0,0,0
1148,no,Texas,Black,2009,Male,0,0,0,0,0,0,0,1,0,0,0,0
1149,no,Virginia,Black,2009,Male,1,0,0,0,0,0,0,0,0,0,0,0
1150,no,South Carolina,White,2009,Male,1,0,0,0,0,0,1,0,0,0,0,0
1151,no,Texas,Black,2009,Male,0,0,0,0,0,0,1,0,0,0,0,0
1152,no,Texas,Black,2009,Male,1,0,0,0,0,0,0,0,0,0,0,0
1153,no,Texas,Latinx,2009,Male,1,0,0,0,0,0,1,0,0,0,0,0
1154,no,Georgia,White,2009,Male,0,0,0,0,0,0,1,0,0,0,0,0
1155,no,Texas,Latinx,2009,Male,0,0,0,0,0,0,0,0,1,0,0,0
1156,no,Texas,Latinx,2009,Male,0,0,0,0,0,0,0,1,0,0,0,0
1157,no,Alabama,Black,2009,Male,0,1,0,0,0,0,0,0,0,0,0,0
1158,no,Georgia,White,2009,Male,1,0,0,0,0,0,0,0,0,0,0,0
1159,no,Texas,Black,2009,Male,0,0,0,0,0,0,0,1,0,0,0,0
1160,no,South Carolina,Black,2009,Male,2,0,0,0,0,0,0,0,0,0,0,0
1161,no,Alabama,Black,2009,Male,0,0,0,0,0,0,1,0,0,0,0,0
1162,no,Oklahoma,White,2009,Male,1,0,0,0,0,0,0,0,0,0,0,0
1163,no,Texas,Black,2009,Male,0,0,0,0,0,0,1,0,0,0,0,0
1164,no,Missouri,White,2009,Male,1,0,0,0,0,0,0,0,0,0,0,0
1165,no,Texas,White,2009,Male,1,0,0,0,0,0,1,0,0,0,0,0
1166,no,Ohio,White,2009,Male,0,0,0,0,0,0,1,0,0,0,0,0
1167,no,Alabama,White,2009,Male,0,0,0,0,0,0,1,0,0,0,0,0
1168,no,Oklahoma,White,2009,Male,2,0,0,0,0,0,0,0,0,0,0,0
1169,no,Ohio,White,2009,Male,1,0,0,0,0,0,0,0,0,0,0,0
1170,no,Ohio,Black,2009,Male,0,2,0,0,0,0,2,1,0,0,0,0
1171,no,Ohio,White,2009,Male,0,0,0,0,0,0,1,0,0,0,0,0
1172,no,Florida,White,2009,Male,0,0,0,0,0,0,1,0,0,0,0,0
1173,no,Texas,White,2009,Male,1,0,0,0,0,0,0,0,0,0,0,0
1174,no,Texas,Black,2009,Male,0,0,3,0,0,0,0,0,0,0,0,0
1175,no,Alabama,White,2009,Male,1,0,0,0,0,0,0,0,0,0,0,0
1176,no,Georgia,White,2009,Male,0,0,0,0,0,0,1,0,0,0,0,0
1177,no,Texas,Black,2009,Male,0,0,1,0,0,0,0,0,0,0,0,0
1178,no,Texas,Black,2009,Male,1,0,0,0,0,0,0,0,0,0,0,0
1179,no,Texas,Latinx,2009,Male,0,0,1,0,0,0,0,0,0,0,0,0
1180,no,Virginia,Black,2009,Male,1,0,0,0,0,0,0,0,0,0,0,0
1181,no,Virginia,White,2009,Male,0,0,0,0,0,0,1,0,0,0,0,0
1182,no,Texas,Black,2009,Male,0,0,0,0,0,0,1,0,0,0,0,0
1183,no,Texas,Black,2009,Male,0,0,0,0,0,1,0,0,0,0,0,0
1184,no,Tennessee,Black,2009,Male,0,3,0,0,0,0,0,0,0,0,0,0
1185,no,Texas,White,2009,Male,0,0,0,0,0,0,1,0,0,0,0,0
1186,no,Ohio,White,2009,Male,0,0,0,0,0,0,1,0,0,0,0,0
1187,no,Indiana,White,2009,Male,2,0,0,0,0,0,1,0,0,0,0,0
1188,no,Ohio,Black,2010,Male,1,0,0,0,0,0,0,0,0,0,0,0
1189,no,Texas,Black,2010,Male,1,0,0,0,0,0,0,0,0,0,0,0
1190,no,Louisiana,White,2010,Male,0,0,0,0,0,0,1,0,0,0,0,0
1191,no,Texas,White,2010,Male,2,0,0,0,0,0,0,0,0,0,0,0
1192,no,Oklahoma,Black,2010,Male,0,1,0,0,0,0,0,1,0,0,0,0
1193,no,Ohio,Black,2010,Male,1,0,0,0,0,0,0,0,0,0,0,0
1194,no,Florida,White,2010,Male,0,0,0,0,0,0,1,0,0,0,0,0
1195,no,Texas,Latinx,2010,Male,0,0,1,0,0,0,0,0,1,0,0,0
1196,no,Texas,White,2010,Male,0,0,1,0,0,0,0,0,0,0,0,0
1197,no,Ohio,White,2010,Male,0,0,0,0,0,0,1,0,0,0,0,0
1198,no,Virginia,White,2010,Male,0,0,0,0,0,0,1,0,0,0,0,0
1199,no,Texas,Black,2010,Male,0,1,0,0,0,0,0,0,0,0,0,0
1200,no,Ohio,Black,2010,Male,0,0,0,0,0,0,1,0,0,0,0,0
1201,no,Texas,White,2010,Male,0,0,0,0,0,0,0,0,1,0,0,0
1202,no,Texas,Latinx,2010,Male,0,0,1,0,0,0,0,0,0,0,0,0
1203,no,Texas,White,2010,Male,1,0,0,0,0,0,0,0,0,0,0,0
1204,no,Ohio,White,2010,Male,1,0,0,0,0,0,0,0,0,0,0,0
1205,no,Texas,White,2010,Male,1,0,0,0,0,0,0,0,0,0,0,0
1206,no,Texas,Latinx,2010,Male,0,0,0,0,0,0,0,0,1,0,0,0
1207,no,Mississippi,White,2010,Male,0,0,0,0,0,0,1,0,0,0,0,0
1208,no,Mississippi,White,2010,Male,0,0,0,0,0,0,1,0,0,0,0,0
1209,no,Virginia,Black,2010,Male,0,2,0,0,0,0,0,0,0,0,0,0
1210,no,Texas,Latinx,2010,Male,0,0,0,0,0,0,0,0,1,0,0,0
1211,no,Alabama,White,2010,Male,0,0,0,0,0,0,1,0,0,0,0,0
1212,no,Texas,Black,2010,Male,0,1,0,0,0,0,0,0,0,0,0,0
1213,no,Georgia,White,2010,Male,0,0,0,0,0,0,2,0,0,0,0,0
1214,no,Alabama,White,2010,Male,0,0,0,0,0,0,1,0,0,0,0,0
1215,no,Texas,White,2010,Male,0,0,1,0,0,0,0,0,0,0,0,0
1216,no,Utah,White,2010,Male,1,0,0,0,0,0,0,0,0,0,0,0
1217,no,Texas,White,2010,Male,0,0,0,0,0,0,1,0,0,0,0,0
1218,no,Ohio,Black,2010,Male,0,1,0,0,0,0,0,4,0,0,0,0
1219,no,Texas,Black,2010,Male,2,0,0,0,0,0,0,0,0,0,0,0
1220,no,Mississippi,White,2010,Male,1,0,0,0,0,0,0,0,0,0,0,0
1221,no,Ohio,Black,2010,Male,0,1,0,0,0,0,1,0,0,0,0,0
1222,no,Alabama,White,2010,Male,0,0,0,0,0,0,1,0,0,0,0,0
1223,no,Texas,Latinx,2010,Male,0,0,0,0,0,0,2,0,0,0,0,0
1224,no,Alabama,Black,2010,Male,0,0,0,0,0,0,0,1,0,0,0,0
1225,no,Washington,White,2010,Male,0,0,0,0,0,0,1,0,0,0,0,0
1226,no,Virginia,White,2010,Female,2,0,0,0,0,0,0,0,0,0,0,0
1227,no,Georgia,White,2010,Male,2,0,0,0,0,0,1,0,0,0,0,0
1228,no,Ohio,White,2010,Male,0,0,0,0,0,0,1,0,0,0,0,0
1229,no,Oklahoma,White,2010,Male,0,0,0,1,0,0,0,0,0,0,0,0
1230,no,Texas,Black,2010,Male,0,1,0,0,0,0,0,1,0,0,0,0
1231,no,Arizona,American Indian or Alaska Native,2010,Male,1,0,0,0,0,0,0,0,0,0,0,0
1232,no,Alabama,White,2010,Male,1,0,0,0,0,0,0,0,0,0,0,0
1233,no,Oklahoma,White,2010,Male,1,0,0,0,0,0,0,0,0,0,0,0
1234,no,Oklahoma,Black,2011,Male,1,0,0,0,0,0,0,0,0,0,0,0
1235,no,Oklahoma,White,2011,Male,1,0,0,0,0,0,0,0,0,0,0,0
1236,no,Alabama,Black,2011,Male,0,0,0,0,0,0,0,1,0,0,0,0
1237,no,Georgia,Black,2011,Male,0,0,0,0,0,0,1,0,0,0,0,0
1238,no,Missouri,White,2011,Male,0,0,0,0,0,0,1,0,0,0,0,0
1239,no,Texas,White,2011,Male,0,0,0,0,0,0,1,0,0,0,0,0
1240,no,Ohio,White,2011,Male,1,2,0,0,0,0,0,0,0,0,0,0
1241,no,Texas,Black,2011,Male,0,1,0,0,0,0,0,0,0,0,0,0
1242,no,Ohio,Black,2011,Male,0,0,0,1,0,0,0,0,0,0,0,0
1243,no,Arizona,Black,2011,Male,2,0,0,0,0,0,0,0,0,0,0,0
1244,no,Alabama,White,2011,Male,1,0,0,0,0,0,1,0,0,0,0,0
1245,no,Ohio,Black,2011,Male,0,1,0,0,0,0,0,0,0,0,0,0
1246,no,Texas,White,2011,Male,0,0,0,0,0,0,1,0,0,0,0,0
1247,no,South Carolina,White,2011,Male,1,0,0,0,0,0,0,0,0,0,0,0
1248,no,Mississippi,White,2011,Male,3,0,0,0,0,0,1,0,0,0,0,0
1249,no,Ohio,White,2011,Male,1,0,0,0,0,0,1,0,0,0,0,0
1250,no,Mississippi,Black,2011,Male,0,0,0,0,0,0,1,0,0,0,0,0
1251,no,Alabama,White,2011,Male,3,0,0,0,0,0,1,0,0,0,0,0
1252,no,Arizona,White,2011,Male,0,0,0,0,0,0,1,0,0,0,0,0
1253,no,Texas,Black,2011,Male,1,0,0,0,0,0,0,0,0,0,0,0
1254,no,Texas,White,2011,Male,0,1,0,0,0,0,0,0,0,0,0,0
1255,no,Alabama,Black,2011,Male,0,0,0,0,0,0,1,0,0,0,0,0
1256,no,Texas,Black,2011,Male,1,1,0,0,0,0,0,0,0,0,0,0
1257,no,Georgia,White,2011,Male,0,0,0,0,0,0,1,0,0,0,0,0
1258,no,Arizona,White,2011,Male,0,0,0,0,0,0,1,0,0,0,0,0
1259,no,Texas,Latinx,2011,Male,0,0,0,0,0,0,0,0,1,0,0,0
1260,no,Arizona,White,2011,Male,1,0,0,0,0,0,0,0,0,0,0,0
1261,no,Texas,White,2011,Male,0,0,0,1,0,0,0,0,0,0,0,0
1262,no,Georgia,White,2011,Male,1,0,0,0,0,0,2,0,0,0,0,0
1263,no,Delaware,White,2011,Male,0,0,0,0,0,0,1,0,0,0,0,0
1264,no,Texas,Latinx,2011,Male,0,0,2,0,0,0,0,0,0,0,0,0
1265,no,Virginia,Black,2011,Male,0,0,0,0,0,0,1,0,0,0,0,0
1266,no,Texas,White,2011,Male,1,0,0,0,0,0,1,0,0,0,0,0
1267,no,Texas,White,2011,Male,0,1,0,0,0,0,0,0,0,0,0,0
1268,no,Georgia,Black,2011,Male,1,0,0,0,0,0,0,0,0,0,0,0
1269,no,Alabama,Black,2011,Male,0,0,0,0,0,0,1,0,0,0,0,0
1270,no,Florida,Latinx,2011,Male,0,0,1,0,0,0,0,0,0,0,0,0
1271,no,Alabama,White,2011,Male,1,0,0,0,0,0,0,0,0,0,0,0
1272,no,Texas,Latinx,2011,Male,0,0,1,0,0,0,0,0,0,0,0,0
1273,no,Ohio,Black,2011,Male,0,3,0,0,0,0,0,0,0,0,0,0
1274,no,Florida,White,2011,Male,0,0,0,0,0,0,3,0,0,0,0,0
1275,no,Texas,Latinx,2011,Male,0,0,0,0,0,0,0,0,1,0,0,0
1276,no,Idaho,White,2011,Male,0,0,0,0,0,0,2,0,0,0,0,0
1277,no,Oklahoma,White,2012,Male,1,0,0,0,0,0,0,0,0,0,0,0
1278,no,Texas,Latinx,2012,Male,0,0,0,0,0,0,1,0,0,0,0,0
1279,no,Mississippi,White,2012,Male,0,2,0,0,0,0,0,0,0,0,0,0
1280,no,Florida,White,2012,Male,0,0,0,0,0,0,1,0,0,0,0,0
1281,no,Arizona,White,2012,Male,0,0,0,0,0,0,1,0,0,0,0,0
1282,no,Texas,Latinx,2012,Male,1,0,0,0,0,0,0,0,0,0,0,0
1283,no,Texas,White,2012,Male,1,0,0,0,0,0,1,0,0,0,0,0
1284,no,Arizona,White,2012,Male,1,0,0,0,0,0,0,0,0,0,0,0
1285,no,Oklahoma,White,2012,Male,0,0,0,0,0,0,1,0,0,0,0,0
1286,no,Mississippi,White,2012,Male,0,0,0,0,0,0,1,0,0,0,0,0
1287,no,Mississippi,Black,2012,Male,0,0,0,0,0,0,1,0,0,0,0,0
1288,no,Texas,Latinx,2012,Male,0,0,1,0,0,0,0,0,0,0,0,0
1289,no,Florida,White,2012,Male,0,0,0,0,0,0,1,0,0,0,0,0
1290,no,Ohio,White,2012,Male,1,0,0,0,0,0,0,0,0,0,0,0
1291,no,Delaware,Black,2012,Male,0,1,0,0,0,0,0,0,0,0,0,0
1292,no,Arizona,White,2012,Male,0,0,1,0,0,0,0,0,0,0,0,0
1293,no,Texas,Black,2012,Male,1,0,0,0,0,0,0,0,0,0,0,0
1294,no,Oklahoma,White,2012,Male,1,0,0,0,0,0,0,0,0,0,0,0
1295,no,Mississippi,Black,2012,Male,0,2,0,0,0,0,0,2,0,0,0,0
1296,no,Idaho,White,2012,Male,0,0,0,0,0,0,1,0,0,0,0,0
1297,no,Mississippi,White,2012,Male,1,0,0,0,0,0,3,0,0,0,0,0
1298,no,Mississippi,White,2012,Male,1,0,0,0,0,0,0,0,0,0,0,0
1299,no,Arizona,Latinx,2012,Male,0,0,0,0,0,0,0,0,1,0,0,0
1300,no,Texas,Black,2012,Male,1,0,0,0,0,0,0,0,0,0,0,0
1301,no,Texas,Black,2012,Male,0,1,0,0,0,0,0,0,0,0,0,0
1302,no,Arizona,White,2012,Male,1,0,1,0,0,0,0,0,0,0,0,0
1303,no,Oklahoma,White,2012,Male,1,0,0,0,0,0,2,0,0,0,0,0
1304,no,Ohio,White,2012,Male,2,0,0,0,0,0,0,0,0,0,0,0
1305,no,Texas,Black,2012,Male,0,0,1,0,0,0,1,0,0,0,0,0
1306,no,Texas,White,2012,Male,0,0,0,0,0,0,0,1,0,0,0,0
1307,no,Texas,Black,2012,Male,0,0,0,0,0,0,1,0,0,0,0,0
1308,no,South Dakota,White,2012,Male,1,0,0,0,0,0,0,0,0,0,0,0
1309,no,Texas,White,2012,Male,0,0,0,0,0,0,1,0,0,0,0,0
1310,no,South Dakota,White,2012,Male,0,0,0,0,0,0,1,0,0,0,0,0
1311,no,Texas,White,2012,Male,0,0,0,0,0,0,1,0,0,0,0,0
1312,no,Oklahoma,Black,2012,Male,0,0,0,0,0,0,0,1,0,0,0,0
1313,no,Texas,Black,2012,Male,0,0,0,0,0,0,1,0,0,0,0,0
1314,no,Ohio,White,2012,Male,0,0,0,0,0,0,1,0,0,0,0,0
1315,no,Texas,Latinx,2012,Male,0,0,0,0,0,0,0,0,1,0,0,0
1316,no,Texas,Black,2012,Male,0,1,0,0,0,0,0,1,0,0,0,0
1317,no,Oklahoma,Latinx,2012,Male,0,0,1,0,0,0,0,0,1,0,0,0
1318,no,Arizona,White,2012,Male,0,0,0,0,0,0,2,0,0,0,0,0
1319,no,Florida,Latinx,2012,Male,1,0,5,0,0,0,0,0,3,0,0,0
1320,no,Virginia,White,2013,Male,1,1,0,0,0,0,0,0,0,0,0,0
1321,no,Texas,Black,2013,Male,0,0,0,0,0,0,0,1,0,0,0,0
1322,no,Georgia,White,2013,Male,1,0,0,0,0,0,1,0,0,0,0,0
1323,no,Ohio,White,2013,Male,0,1,0,0,0,0,0,0,0,0,0,0
1324,no,Oklahoma,White,2013,Male,0,0,0,0,0,0,1,0,0,0,0,0
1325,no,Texas,Black,2013,Male,1,0,0,0,0,0,0,0,0,0,0,0
1326,no,Florida,White,2013,Male,0,0,0,0,0,0,1,0,0,0,0,0
1327,no,Texas,Black,2013,Male,0,1,0,0,0,0,0,0,0,0,0,0
1328,no,Texas,White,2013,Male,1,0,0,0,0,0,0,0,0,0,0,0
1329,no,Ohio,White,2013,Male,0,0,0,0,0,0,1,0,0,0,0,0
1330,no,Texas,Black,2013,Male,0,0,1,0,0,0,0,0,0,0,0,0
1331,no,Texas,Black,2013,Male,1,0,0,0,0,0,0,0,0,0,0,0
1332,no,Florida,White,2013,Male,0,0,0,0,0,0,1,0,0,0,0,0
1333,no,Texas,Black,2013,Male,1,0,0,0,0,0,0,0,0,0,0,0
1334,no,Florida,White,2013,Male,1,0,0,0,0,0,0,0,0,0,0,0
1335,no,Oklahoma,White,2013,Male,1,0,0,0,0,0,1,0,0,0,0,0
1336,no,Oklahoma,Black,2013,Male,0,0,0,0,0,0,0,1,0,0,0,0
1337,no,Texas,Black,2013,Female,0,0,0,0,0,0,1,0,0,0,0,0
1338,no,Texas,Latinx,2013,Male,1,0,0,0,0,0,0,0,0,0,0,0
1339,no,Texas,Black,2013,Male,1,0,0,0,0,0,0,1,0,0,0,0
1340,no,Alabama,White,2013,Male,1,0,0,0,0,0,0,0,0,0,0,0
1341,no,Texas,White,2013,Male,1,0,1,0,0,0,0,0,0,0,0,0
1342,no,Florida,Black,2013,Male,1,6,0,0,0,0,1,0,0,0,0,0
1343,no,Oklahoma,Black,2013,Male,0,0,0,0,0,0,0,0,0,1,0,0
1344,no,Texas,Latinx,2013,Male,0,0,0,0,0,0,0,0,4,0,0,0
1345,no,Ohio,White,2013,Male,1,1,0,0,0,0,0,0,0,0,0,0
1346,no,Texas,Latinx,2013,Male,1,0,0,0,0,0,0,0,0,0,0,0
1347,no,Florida,White,2013,Male,0,0,0,0,0,0,1,0,0,0,0,0
1348,no,Arizona,White,2013,Male,1,0,0,0,0,0,0,0,0,0,0,0
1349,no,Texas,White,2013,Male,1,0,0,0,0,0,1,0,0,0,0,0
1350,no,Florida,White,2013,Male,0,0,0,0,0,0,1,0,0,0,0,0
1351,no,Arizona,White,2013,Male,3,0,0,0,0,0,3,0,0,0,0,0
1352,no,Florida,Black,2013,Male,0,0,0,0,0,0,1,0,0,0,0,0
1353,no,Texas,White,2013,Male,1,0,0,0,0,0,0,0,0,0,0,0
1354,no,Missouri,White,2013,Male,1,0,0,0,0,0,0,0,0,0,0,0
1355,no,Texas,White,2013,Male,0,0,0,0,0,0,1,0,0,0,0,0
1356,no,Oklahoma,Black,2013,Male,0,0,0,0,0,0,2,0,0,0,0,0
1357,no,Missouri,White,2013,Male,1,0,0,0,0,0,0,0,0,0,0,0
1358,no,Oklahoma,White,2013,Male,1,0,0,0,0,0,0,0,0,0,0,0
1359,no,Florida,Black,2014,Male,1,0,0,0,0,0,0,0,0,0,0,0
1360,no,Oklahoma,Black,2014,Male,1,0,0,0,0,0,0,0,0,0,0,0
1361,no,Ohio,White,2014,Male,0,0,0,0,0,0,1,0,0,0,0,0
1362,no,Texas,Latinx,2014,Male,1,0,0,0,0,0,0,0,0,0,0,0
1363,no,Oklahoma,White,2014,Male,0,0,0,0,0,0,1,0,0,0,0,0
1364,no,Missouri,Black,2014,Male,1,0,0,0,0,0,0,0,0,0,0,0
1365,no,Texas,White,2014,Female,1,0,0,0,0,0,0,0,0,0,0,0
1366,no,Florida,Latinx,2014,Male,1,0,0,0,0,0,0,0,0,0,0,0
1367,no,Missouri,Black,2014,Male,0,0,0,0,0,0,1,0,0,0,0,0
1368,no,Florida,Black,2014,Male,1,0,0,0,0,0,0,0,0,0,0,0
1369,no,Texas,Black,2014,Male,0,0,1,0,0,0,0,0,0,0,0,0
1370,no,Florida,Black,2014,Male,0,0,0,0,0,0,1,1,0,0,0,0
1371,no,Missouri,White,2014,Male,0,0,0,0,0,0,1,0,0,0,0,0
1372,no,Texas,Black,2014,Male,0,0,0,0,0,0,0,0,0,1,0,0
1373,no,Texas,White,2014,Male,0,0,0,0,0,0,1,0,0,0,0,0
1374,no,Texas,Latinx,2014,Male,1,0,0,0,0,0,0,0,0,0,0,0
1375,no,Texas,Latinx,2014,Male,0,0,1,0,0,0,0,0,2,0,0,0
1376,no,Missouri,White,2014,Male,0,0,0,0,0,0,1,0,0,0,0,0
1377,no,Florida,White,2014,Male,1,0,0,0,0,0,1,0,0,0,0,0
1378,no,Oklahoma,Black,2014,Male,0,0,0,0,0,0,1,0,0,0,0,0
1379,no,Georgia,Black,2014,Male,0,0,0,0,0,0,0,1,0,0,0,0
1380,no,Missouri,Black,2014,Male,0,0,0,0,0,0,0,2,0,0,0,0
1381,no,Florida,Black,2014,Male,0,0,0,0,0,0,1,0,0,0,0,0
1382,no,Florida,White,2014,Male,0,0,0,0,0,0,1,0,0,0,0,0
1383,no,Missouri,White,2014,Male,2,0,0,0,0,0,1,0,0,0,0,0
1384,no,Arizona,White,2014,Male,1,0,0,0,0,0,1,0,0,0,0,0
1385,no,Missouri,White,2014,Male,0,0,0,0,0,0,1,0,0,0,0,0
1386,no,Missouri,Black,2014,Male,1,0,0,0,0,0,1,0,0,0,0,0
1387,no,Texas,Black,2014,Male,0,1,0,0,0,0,0,1,0,0,0,0
1388,no,Texas,Black,2014,Female,0,1,0,0,0,0,0,0,0,0,0,0
1389,no,Texas,Latinx,2014,Male,1,0,1,0,0,0,0,0,1,0,0,0
1390,no,Florida,Black,2014,Male,0,0,0,0,0,0,0,1,0,0,0,0
1391,no,Missouri,Black,2014,Male,1,0,0,0,0,0,0,0,0,0,0,0
1392,no,Georgia,Black,2014,Male,1,0,0,0,0,0,0,0,0,0,0,0
1393,no,Missouri,White,2014,Male,0,0,0,0,0,0,1,0,0,0,0,0
1394,no,Georgia,White,2015,Male,1,0,0,0,0,0,0,0,0,0,0,0
1395,no,Florida,White,2015,Male,1,0,0,0,0,0,0,0,0,0,0,0
1396,no,Oklahoma,Black,2015,Male,0,0,0,0,0,0,0,1,0,0,0,0
1397,no,Texas,Latinx,2015,Male,0,0,1,0,0,0,1,0,1,0,0,0
1398,no,Georgia,Black,2015,Male,1,0,0,0,0,0,0,0,0,0,0,0
1399,no,Texas,Black,2015,Male,0,0,0,0,0,0,1,0,0,0,0,0
1400,no,Texas,White,2015,Male,1,0,0,0,0,0,0,0,0,0,0,0
1401,no,Missouri,White,2015,Male,0,0,0,0,0,0,1,0,0,0,0,0
1402,no,Texas,Latinx,2015,Male,0,0,0,0,0,0,0,0,1,0,0,0
1403,no,Missouri,White,2015,Male,1,0,0,0,0,0,0,0,0,0,0,0
1404,no,Texas,White,2015,Male,1,0,1,0,0,0,0,0,0,0,0,0
1405,no,Missouri,Black,2015,Male,0,1,0,0,0,0,0,0,0,0,0,0
1406,no,Texas,Latinx,2015,Male,0,0,1,0,0,0,0,0,0,0,0,0
1407,no,Texas,Black,2015,Male,0,1,0,0,0,0,0,2,0,0,0,0
1408,no,Texas,White,2015,Male,4,0,0,0,0,0,0,0,0,0,0,0
1409,no,Missouri,Black,2015,Male,0,0,0,0,0,0,0,2,0,0,0,0
1410,no,Texas,Black,2015,Male,1,0,0,0,0,0,0,0,0,0,0,0
1411,no,Missouri,White,2015,Male,0,0,0,0,0,0,1,0,0,0,0,0
1412,no,Texas,Latinx,2015,Male,1,0,0,0,0,0,0,0,0,0,0,0
1413,no,Missouri,Black,2015,Male,0,0,0,0,0,0,1,0,0,0,0,0
1414,no,Georgia,White,2015,Female,1,0,0,0,0,0,0,0,0,0,0,0
1415,no,Virginia,Latinx,2015,Male,1,0,0,0,0,0,1,0,0,0,0,0
1416,no,Texas,Latinx,2015,Male,0,0,1,0,0,0,0,0,0,0,0,0
1417,no,Texas,Latinx,2015,Male,1,0,0,0,0,0,0,0,0,0,0,0
1418,no,Florida,White,2015,Male,0,0,0,0,0,0,4,0,0,0,0,0
1419,no,Texas,Black,2015,Male,0,0,0,0,0,0,0,3,0,0,0,0
1420,no,Georgia,White,2015,Male,0,0,0,0,0,0,1,0,0,0,0,0
1421,no,Georgia,Black,2015,Male,0,1,0,0,0,0,0,0,0,0,0,0
1422,no,Florida,White,2016,Male,0,0,0,0,0,0,1,0,0,0,0,0
1423,no,Texas,White,2016,Male,1,0,0,0,0,0,0,0,0,0,0,0
1424,no,Alabama,White,2016,Male,0,0,0,0,0,0,1,0,0,0,0,0
1425,no,Texas,White,2016,Male,1,0,0,0,0,0,0,0,0,0,0,0
1426,no,Georgia,Black,2016,Male,1,0,0,0,0,0,0,0,0,0,0,0
1427,no,Texas,Latinx,2016,Male,1,0,0,0,0,0,0,0,0,0,0,0
1428,no,Georgia,White,2016,Male,1,0,0,0,0,0,0,0,0,0,0,0
1429,no,Texas,White,2016,Male,0,0,1,0,0,0,1,0,0,0,0,0
1430,no,Texas,White,2016,Male,1,0,0,0,0,0,0,0,0,0,0,0
1431,no,Georgia,White,2016,Male,1,0,0,0,0,0,0,0,0,0,0,0
1432,no,Texas,Latinx,2016,Male,0,0,1,0,0,0,0,0,0,0,0,0
1433,no,Georgia,Black,2016,Male,0,0,0,0,0,0,1,0,0,0,0,0
1434,no,Georgia,White,2016,Male,2,0,0,0,0,0,1,0,0,0,0,0
1435,no,Missouri,White,2016,Male,1,0,0,0,0,0,2,0,0,0,0,0
1436,no,Georgia,White,2016,Male,1,0,0,0,0,0,0,0,0,0,0,0
1437,no,Texas,White,2016,Male,1,0,0,0,0,0,1,0,0,0,0,0
1438,no,Georgia,White,2016,Male,1,0,0,0,0,0,0,0,0,0,0,0
1439,no,Georgia,White,2016,Male,0,0,0,0,0,0,1,0,0,0,0,0
1440,no,Georgia,White,2016,Male,1,0,0,0,0,0,0,0,0,0,0,0
1441,no,Alabama,White,2016,Male,1,0,0,0,0,0,0,0,0,0,0,0
1442,no,Texas,White,2017,Male,0,1,1,0,0,0,0,0,0,0,0,0
1443,no,Virginia,Black,2017,Male,0,0,0,0,0,0,2,0,0,0,0,0
1444,no,Texas,Black,2017,Male,1,0,0,0,0,0,1,0,0,0,0,0
1445,no,Missouri,White,2017,Male,1,0,0,0,0,0,2,0,0,0,0,0
1446,no,Texas,Latinx,2017,Male,0,0,0,0,0,0,0,0,1,0,0,0
1447,no,Texas,White,2017,Male,2,0,0,0,0,0,0,0,0,0,0,0
1448,no,Arkansas,Black,2017,Male,0,0,0,0,0,0,1,0,0,0,0,0
1449,no,Arkansas,White,2017,Male,0,0,0,0,0,0,1,0,0,0,0,0
1450,no,Arkansas,Black,2017,Male,0,0,0,0,0,0,1,0,0,0,0,0
1451,no,Arkansas,Black,2017,Male,1,0,0,0,0,0,0,0,0,0,0,0
1452,no,Georgia,White,2017,Male,1,0,0,0,0,0,0,0,0,0,0,0
1453,no,Alabama,White,2017,Male,1,0,0,0,0,0,0,0,0,0,0,0
1454,no,Alabama,Black,2017,Male,1,1,0,0,0,0,0,1,0,0,0,0
1455,no,Virginia,White,2017,Male,1,1,0,0,0,0,0,0,0,0,0,0
1456,no,Ohio,White,2017,Male,0,0,0,0,0,0,1,0,0,0,0,0
1457,no,Texas,Black,2017,Male,0,0,0,0,0,0,1,0,0,0,0,0
1458,no,Florida,White,2017,Male,1,1,0,0,0,0,0,0,0,0,0,0
1459,no,Ohio,White,2017,Male,1,0,0,0,0,0,1,0,0,0,0,0
1460,no,Florida,White,2017,Male,1,0,0,0,0,0,1,0,0,0,0,0
1461,no,Texas,White,2017,Male,1,0,0,0,0,0,0,0,0,0,0,0
1462,no,Alabama,Black,2017,Male,0,1,0,0,0,0,0,0,0,0,0,0
1463,no,Florida,White,2017,Male,2,0,0,0,0,0,0,0,0,0,0,0
1464,no,Texas,Latinx,2017,Male,0,0,0,0,0,0,0,0,1,0,0,0
1465,no,Texas,White,2018,Male,0,0,0,0,0,0,0,0,1,0,0,0
1466,no,Texas,Black,2018,Male,0,0,0,0,0,0,0,1,0,0,0,0
1467,no,Texas,White,2018,Male,0,0,0,0,0,0,2,0,0,0,0,0
1468,no,Florida,White,2018,Male,0,0,0,0,0,0,1,0,0,0,0,0
1469,no,Alabama,White,2018,Male,0,0,0,0,0,0,1,0,0,0,0,0
1470,no,Georgia,Black,2018,Male,0,0,0,0,0,0,3,0,0,0,0,0
1471,no,Texas,Latinx,2018,Male,0,0,0,0,0,0,1,0,0,0,0,0
1472,no,Alabama,White,2018,Male,1,0,0,0,0,0,0,0,0,0,0,0
1473,no,Texas,Black,2018,Male,0,0,0,0,0,0,0,2,0,0,0,0
1474,no,Georgia,Black,2018,Male,0,1,0,0,0,0,0,0,0,0,0,0
1475,no,Texas,Latinx,2018,Male,0,0,1,0,0,0,0,0,0,0,0,0
1476,no,Texas,White,2018,Male,0,0,0,0,0,0,1,0,0,0,0,0
1477,no,Texas,Black,2018,Male,0,0,0,1,0,0,0,0,0,0,0,0
1478,no,Ohio,White,2018,Male,1,0,0,0,0,0,0,0,0,0,0,0
1479,no,Tennessee,White,2018,Male,0,0,0,0,0,0,1,0,0,0,0,0
1480,no,Nebraska,White,2018,Male,2,0,0,0,0,0,0,0,0,0,0,0
1481,no,Texas,White,2018,Male,0,0,0,0,0,0,1,0,0,0,0,0
1482,no,Texas,White,2018,Male,0,0,0,0,0,0,1,0,0,0,0,0
1483,no,South Dakota,White,2018,Male,1,0,0,0,0,0,0,0,0,0,0,0
1484,no,Tennessee,White,2018,Male,2,0,0,0,0,0,0,0,0,0,0,0
1485,no,Texas,Latinx,2018,Male,0,0,1,0,0,0,0,0,2,0,0,0
1486,no,Texas,Latinx,2018,Male,1,0,0,0,0,0,0,0,0,0,0,0
1487,no,Tennessee,White,2018,Male,0,0,0,0,0,0,1,0,0,0,0,0
1488,no,Texas,Black,2018,Male,1,0,0,0,0,0,0,0,0,0,0,0
1489,no,Florida,Latinx,2018,Male,0,0,0,0,0,0,1,0,0,0,0,0
1490,no,Texas,Black,2019,Male,0,1,0,0,0,0,0,0,0,0,0,0
1491,no,Alabama,Black,2019,Male,0,0,0,0,0,0,0,1,0,0,0,0
1492,no,Texas,White,2019,Male,2,0,0,0,0,0,1,0,0,0,0,0
1493,no,Texas,White,2019,Male,0,1,0,0,0,0,0,0,0,0,0,0
1494,no,Georgia,Black,2019,Male,0,0,0,0,0,0,0,2,0,0,0,0
1495,no,Alabama,White,2019,Male,1,0,0,0,0,0,3,0,0,0,0,0
1496,no,Tennessee,White,2019,Male,0,0,0,0,0,0,1,0,0,0,0,0
1497,no,Florida,White,2019,Male,0,0,0,0,0,0,1,0,0,0,0,0
1498,no,Alabama,White,2019,Male,1,0,0,0,0,0,0,0,0,0,0,0
1499,no,Georgia,Black,2019,Male,0,1,0,0,0,0,0,0,0,0,0,0
1500,no,Tennessee,White,2019,Male,0,0,0,0,0,0,2,0,0,0,0,0
1501,no,Texas,White,2019,Male,0,0,0,0,0,0,1,0,0,0,0,0
1502,no,Florida,White,2019,Male,1,0,0,0,0,0,0,0,0,0,0,0
1503,no,Texas,White,2019,Male,0,0,0,0,0,0,2,0,0,0,0,0
1504,no,Texas,Latinx,2019,Male,0,0,0,0,0,0,1,0,0,0,0,0
1505,no,Texas,Black,2019,Male,0,2,0,0,0,0,0,1,0,0,0,0
1506,no,Missouri,White,2019,Male,1,0,0,0,0,0,0,0,0,0,0,0
1507,no,South Dakota,White,2019,Male,1,0,0,0,0,0,0,0,0,0,0,0
1508,no,Texas,White,2019,Male,0,0,0,0,0,0,1,0,0,0,0,0
1509,no,Georgia,Black,2019,Male,1,0,0,0,0,0,0,0,0,0,0,0
1510,no,Tennessee,White,2019,Male,0,0,0,0,0,0,1,0,0,0,0,0
1511,no,Texas,Black,2019,Male,1,0,0,0,0,0,0,0,0,0,0,0
1512,no,Texas,White,2020,Male,0,0,0,0,0,0,1,0,0,0,0,0
1513,no,Georgia,White,2020,Male,1,0,0,0,0,0,1,0,0,0,0,0
1514,no,Texas,Latinx,2020,Male,0,0,0,0,0,0,0,0,2,0,0,0
1515,no,Tennessee,White,2020,Male,1,0,0,0,0,0,0,0,0,0,0,0
1516,no,Alabama,Black,2020,Male,3,0,0,0,0,0,0,0,0,0,0,0
1517,no,Missouri,White,2020,Male,0,0,0,0,0,0,1,0,0,0,0,0
1518,no,Texas,White,2020,Male,1,0,0,0,0,0,0,0,0,0,0,0
1519,no,Federal,White,2020,Male,1,0,0,0,0,0,2,0,0,0,0,0
1520,no,Federal,White,2020,Male,0,0,0,0,0,0,1,0,0,0,0,0
1521,no,Federal,White,2020,Male,0,0,0,0,0,0,2,0,0,0,0,0
1522,no,Federal,American Indian or Alaska Native,2020,Male,0,0,0,0,0,0,0,0,0,0,2,0
1523,no,Federal,White,2020,Male,0,0,0,0,0,0,1,0,0,0,0,0
1524,no,Federal,White,2020,Male,0,0,0,0,0,0,1,0,0,0,0,0
1525,no,Federal,Black,2020,Male,1,0,0,0,0,0,1,0,0,0,0,0
1526,no,Federal,Black,2020,Male,0,0,0,0,0,0,0,1,0,0,0,0
1527,no,Federal,Black,2020,Male,1,0,0,0,0,0,1,0,0,0,0,0
1528,no,Federal,Black,2020,Male,0,0,0,0,0,0,0,1,0,0,0,0
1529,no,Federal,White,2021,Female,0,0,0,0,0,0,1,0,0,0,0,0
1530,no,Federal,Black,2021,Male,0,6,0,0,0,0,0,1,0,0,0,0
1531,no,Federal,Black,2021,Male,0,0,0,0,0,0,0,3,0,0,0,0
1532,no,Texas,Black,2021,Male,0,0,0,0,0,0,0,1,0,0,0,0
1533,no,Texas,White,2021,Male,1,0,0,0,0,0,2,0,0,0,0,0
1534,no,Texas,White,2021,Male,2,0,0,0,0,0,0,0,0,0,0,0
1535,no,Missouri,Black,2021,Male,0,1,0,0,0,0,1,0,0,0,0,0
1536,no,Alabama,Black,2021,Male,0,0,0,0,0,0,1,0,0,0,0,0
1537,no,Oklahoma,Black,2021,Male,0,0,0,0,0,0,1,0,0,0,0,0
1538,no,Mississippi,White,2021,Male,0,0,0,0,0,0,1,0,0,0,0,0
1539,no,Oklahoma,White,2021,Male,0,0,0,0,0,0,1,0,0,0,0,0
1540,no,Oklahoma,Black,2022,Male,0,0,0,0,0,0,2,0,0,0,0,0
1541,no,Alabama,Black,2022,Male,0,1,0,0,0,0,0,0,0,0,0,0
1542,no,Oklahoma,White,2022,Male,3,0,0,0,0,0,1,0,0,0,0,0
1543,no,Texas,White,2022,Male,1,0,0,0,0,0,0,0,0,0,0,0
1544,no,Missouri,White,2022,Male,1,0,0,0,0,0,1,0,0,0,0,0
1545,no,Arizona,American Indian or Alaska Native,2022,Male,0,0,0,0,0,0,1,0,0,0,0,0
1546,no,Arizona,White,2022,Male,0,0,0,0,0,0,1,0,0,0,0,0
1547,no,Alabama,Black,2022,Male,0,0,0,0,0,0,0,1,0,0,0,0
1548,no,Texas,Asian,2022,Male,0,0,0,0,0,0,1,0,0,0,0,0
1549,no,Oklahoma,White,2022,Male,1,0,0,0,0,0,0,0,0,0,0,0
1550,no,Texas,Latinx,2022,Male,0,0,1,0,0,0,0,0,0,0,0,0
1551,no,Oklahoma,White,2022,Male,0,0,0,0,0,0,0,0,0,0,1,0
1552,no,Texas,White,2022,Male,0,0,0,0,0,0,1,0,0,0,0,0
1553,no,Arizona,Black,2022,Male,1,0,0,0,0,0,1,0,0,0,0,0
1554,no,Texas,White,2022,Male,1,0,0,0,0,0,2,0,0,0,0,0
1555,no,Oklahoma,White,2022,Male,1,0,0,0,0,0,0,0,0,0,0,0
1556,no,Missouri,Black,2022,Male,1,0,0,0,0,0,0,0,0,0,0,0
1557,no,Mississippi,White,2022,Male,0,0,0,0,0,0,1,0,0,0,0,0
1558,no,Missouri,White,2023,Female,0,0,0,0,0,0,1,0,0,0,0,0
1559,no,Texas,White,2023,Male,0,0,0,0,0,0,1,0,0,0,0,0
1560,no,Oklahoma,White,2023,Male,1,0,0,0,0,0,1,0,0,0,0,0
